"PassengerId","Survived","Pclass","Sex","Age","SibSp","Parch","Ticket","Fare","Cabin","Embarked","PclassSex","Surname","Title","Fsize","FsizeName","Favg","Ticket2","Tsize","Group","GroupSize","FarePP","MedianFarePP","FareBins","AgeLM","IsChildP12","NumNA","SumSurvived","AnySurvivors","IsSolo"
892,NA,"3","male",34.5,0,0,"330911",7.8292,"U","Q","P3Male","Kelly","Mr",1,"1Kelly",NA,"3309xx",1,1,"solo",7.8292,7.75,"[ 7.28,  7.92)",34.7540258173294,"No",1,0,"other","Yes"
893,NA,"3","female",47,1,0,"363272",7,"U","S","P3Female","Wilkes","Mrs",2,"2Wilkes",NA,"3632xx",1,2,"duo",7,7.75,"[ 3.17,  7.28)",30.1712880386875,"No",1,0,"other","No"
894,NA,"2","male",62,0,0,"240276",9.6875,"U","Q","P2Male","Myles","Mr",1,"1Myles",NA,"2402xx",1,1,"solo",9.6875,12.35,"[ 7.92, 10.52)",38.220114702622,"No",1,0,"other","Yes"
895,NA,"3","male",27,0,0,"315154",8.6625,"U","S","P3Male","Wirz","Mr",1,"1Wirz",NA,"3151xx",1,1,"solo",8.6625,7.75,"[ 7.92, 10.52)",29.8474778255194,"No",1,0,"other","Yes"
896,NA,"3","female",22,1,1,"3101298",12.2875,"U","S","P3Female","Hirvonen","Mrs",2,"3Hirvonen",2,"31012xx",2,2,"duo",6.14375,7.75,"[ 3.17,  7.28)",30.1976135794916,"No",1,1,"survivors in group","No"
897,NA,"3","male",14,0,0,"7538",9.225,"U","S","P3Male","Svensson","Mr",1,"1Svensson",NA,"75xx",1,1,"solo",9.225,7.75,"[ 7.92, 10.52)",29.8474778255194,"No",1,0,"other","Yes"
898,NA,"3","female",30,0,0,"330972",7.6292,"U","Q","P3Female","Connolly","Miss",1,"1Connolly",NA,"3309xx",1,1,"solo",7.6292,7.75,"[ 7.28,  7.92)",24.4443208710542,"No",1,0,"other","Yes"
899,NA,"2","male",26,1,1,"248738",29,"U","S","P2Male","Caldwell","Mr",3,"3Caldwell",NA,"2487xx",3,3,"group",9.66666666666667,12.35,"[ 7.92, 10.52)",28.6277367369778,"No",1,2,"survivors in group","No"
900,NA,"3","female",18,0,0,"2657",7.2292,"U","C","P3Female","Abrahim","Mrs",1,"1Abrahim",NA,"26xx",1,1,"solo",7.2292,7.75,"[ 3.17,  7.28)",32.2726725246098,"No",1,0,"other","Yes"
901,NA,"3","male",21,2,0,"A/4 48871",24.15,"U","S","P3Male","Davies","Mr",3,"3Davies",NA,"A/4 488xx",3,3,"group",8.05,7.75,"[ 7.92, 10.52)",23.8101166593442,"No",1,0,"other","No"
902,NA,"3","male",29.8474778255194,0,0,"349220",7.8958,"U","S","P3Male","Ilieff","Mr",1,"1Ilieff",NA,"3492xx",1,1,"solo",7.8958,7.75,"[ 7.28,  7.92)",29.8474778255194,"No",1,0,"other","Yes"
903,NA,NA,"male",46,0,0,"694",26,"U","S",NA,"Jones","Mr",1,"1Jones",NA,"6xx",1,1,"solo",26,28.875,"[10.52, 26.39)",NA,"No",1,0,"other","Yes"
904,NA,"1","female",23,1,0,"21228",82.2667,"B","S","P1Female","Snyder","Mrs",2,"2Snyder",NA,"212xx",2,2,"duo",41.13335,30,"[26.39,128.08]",43.9468451353687,"No",2,0,"other","No"
905,NA,"2","male",63,1,0,"24065",26,"U","S","P2Male","Howard","Mr",2,"2Howard",NA,"240xx",2,2,"duo",13,12.35,"[10.52, 26.39)",29.2362966214676,"No",2,0,"other","No"
906,NA,"1","female",47,1,0,"W.E.P. 5734",61.175,"E","S","P1Female","Chaffee","Mrs",2,"2Chaffee",NA,"W.E.P. 57xx",2,2,"duo",30.5875,30,"[26.39,128.08]",43.9468451353687,"No",1,0,"other","No"
907,NA,"2","female",24,1,0,"SC/PARIS 2167",27.7208,"U","C","P2Female","del Carlo","Mrs",2,"2del Carlo",NA,"SC/PARIS 21xx",2,2,"duo",13.8604,12.35,"[10.52, 26.39)",31.661491320558,"No",1,0,"other","No"
908,NA,"2","male",35,0,0,"233734",12.35,"U","Q","P2Male","Keane","Mr",1,"1Keane",NA,"2337xx",1,1,"solo",12.35,12.35,"[10.52, 26.39)",38.220114702622,"No",1,0,"other","Yes"
909,NA,"3","male",21,0,0,"2692",7.225,"U","C","P3Male","Assaf","Mr",1,"1Assaf",NA,"26xx",1,1,"solo",7.225,7.75,"[ 3.17,  7.28)",27.8715922220972,"No",1,0,"other","Yes"
910,NA,"3","female",27,1,0,"STON/O2. 3101270",7.925,"U","S","P3Female","Ilmakangas","Miss",2,"2Ilmakangas",NA,"STON/O2. 31012xx",1,2,"duo",7.925,7.75,"[ 7.92, 10.52)",15.4605027898997,"No",1,0,"other","No"
911,NA,"3","female",45,0,0,"2696",7.225,"U","C","P3Female","Assaf Khalil","Mrs",1,"1Assaf Khalil",NA,"26xx",1,1,"solo",7.225,7.75,"[ 3.17,  7.28)",32.2726725246098,"No",1,0,"other","Yes"
912,NA,NA,"male",55,1,0,"PC 17603",59.4,"U","C",NA,"Rothschild","Mr",2,"2Rothschild",NA,"PC 176xx",2,2,"duo",29.7,28.875,"[26.39,128.08]",NA,"No",1,1,"survivors in group","No"
913,NA,"3","male",9,0,1,"C 17368",3.1708,"U","S","P3Male","Olsen","Master",2,"2Olsen",NA,"C 173xx",1,2,"duo",3.1708,7.75,"[ 3.17,  7.28)",6.6759638455053,"No",1,0,"other","Yes"
914,NA,"1","female",48.0241152247131,0,0,"PC 17598",31.6833,"U","S","P1Female","Flegenheim","Mrs",1,"1Flegenheim",NA,"PC 175xx",1,1,"solo",31.6833,30,"[26.39,128.08]",48.0241152247131,"No",1,0,"other","Yes"
915,NA,NA,"male",21,0,1,"PC 17597",61.3792,"U","C",NA,"Williams","Mr",2,"2Williams",NA,"PC 175xx",2,2,"duo",30.6896,28.875,"[26.39,128.08]",NA,"No",1,0,"other","Yes"
916,NA,"1","female",48,1,3,"PC 17608",262.375,"B","C","P1Female","Ryerson","Mrs",5,"5Ryerson",NA,"PC 176xx",7,7,"large group",37.4821428571429,30,"[26.39,128.08]",43.6582589476076,"No",5,2,"survivors in group","No"
917,NA,"3","male",50,1,0,"A/5. 3337",14.5,"U","S","P3Male","Robins","Mr",2,"2Robins",NA,"A/5. 33xx",2,2,"duo",7.25,7.75,"[ 3.17,  7.28)",25.770207736175,"No",1,0,"other","No"
918,NA,"1","female",22,0,1,"113509",61.9792,"B","C","P1Female","Ostby","Miss",2,"2Ostby",NA,"1135xx",2,2,"duo",30.9896,30,"[26.39,128.08]",28.6117054754997,"No",1,0,"other","Yes"
919,NA,"3","male",22.5,0,0,"2698",7.225,"U","C","P3Male","Daher","Mr",1,"1Daher",NA,"26xx",1,1,"solo",7.225,7.75,"[ 3.17,  7.28)",27.8715922220972,"No",1,0,"other","Yes"
920,NA,NA,"male",41,0,0,"113054",30.5,"A","S",NA,"Brady","Mr",1,"1Brady",NA,"1130xx",1,1,"solo",30.5,28.875,"[26.39,128.08]",NA,"No",1,0,"other","Yes"
921,NA,"3","male",21.8342310559221,2,0,"2662",21.6792,"U","C","P3Male","Samaan","Mr",3,"3Samaan",NA,"26xx",3,3,"group",7.2264,7.75,"[ 3.17,  7.28)",21.8342310559221,"No",2,0,"other","No"
922,NA,"2","male",50,1,0,"SC/AH 3085",26,"U","S","P2Male","Louch","Mr",2,"2Louch",NA,"SC/AH 30xx",2,2,"duo",13,12.35,"[10.52, 26.39)",29.2362966214676,"No",1,1,"survivors in group","No"
923,NA,"2","male",24,2,0,"C.A. 31029",31.5,"U","S","P2Male","Jefferys","Mr",3,"3Jefferys",3,"C.A. 310xx",3,3,"group",10.5,12.35,"[ 7.92, 10.52)",27.2762055446369,"No",3,0,"other","No"
924,NA,"3","female",33,1,2,"C.A. 2315",20.575,"U","S","P3Female","Dean","Mrs",4,"4Dean",NA,"C.A. 23xx",4,4,"group",5.14375,7.75,"[ 3.17,  7.28)",29.5890536950018,"No",2,1,"survivors in group","No"
925,NA,"3","female",29.5890536950018,1,2,"W./C. 6607",23.45,"U","S","P3Female","Johnston","Mrs",4,"4Johnston",NA,"W./C. 66xx",4,4,"group",5.8625,7.75,"[ 3.17,  7.28)",29.5890536950018,"No",2,0,"other","No"
926,NA,NA,"male",30,1,0,"13236",57.75,"C","C",NA,"Mock","Mr",2,"2Mock",NA,"132xx",2,2,"duo",28.875,28.875,"[26.39,128.08]",NA,"No",2,0,"other","No"
927,NA,"3","male",18.5,0,0,"2682",7.2292,"U","C","P3Male","Katavelas","Mr",1,"1Katavelas",NA,"26xx",1,1,"solo",7.2292,7.75,"[ 3.17,  7.28)",27.8715922220972,"No",1,0,"other","Yes"
928,NA,"3","female",19.5377728792442,0,0,"342712",8.05,"U","S","P3Female","Roth","Miss",1,"1Roth",NA,"3427xx",1,1,"solo",8.05,7.75,"[ 7.92, 10.52)",19.5377728792442,"No",1,0,"other","Yes"
929,NA,"3","female",21,0,0,"315087",8.6625,"U","S","P3Female","Cacic","Miss",4,"1Cacic",NA,"3150xx",1,4,"group",8.6625,7.75,"[ 7.92, 10.52)",16.1508230161429,"No",1,0,"other","Yes"
930,NA,"3","male",25,0,0,"345768",9.5,"U","S","P3Male","Sap","Mr",1,"1Sap",NA,"3457xx",1,1,"solo",9.5,7.75,"[ 7.92, 10.52)",29.8474778255194,"No",1,0,"other","Yes"
931,NA,"3","male",28.7037361809609,0,0,"1601",56.4958,"U","S","P3Male","Hee","Mr",1,"1Hee",NA,"16xx",8,8,"large group",7.061975,7.75,"[ 3.17,  7.28)",28.7037361809609,"No",1,5,"survivors in group","Yes"
932,NA,"3","male",39,0,1,"349256",13.4167,"U","C","P3Male","Karun","Mr",2,"2Karun",NA,"3492xx",2,2,"duo",6.70835,7.75,"[ 3.17,  7.28)",25.1458533250938,"No",1,1,"survivors in group","Yes"
933,NA,NA,"male",NA,0,0,"113778",26.55,"D","S",NA,"Franklin","Mr",1,"1Franklin",NA,"1137xx",1,1,"solo",26.55,28.875,"[26.39,128.08]",NA,"No",1,0,"other","Yes"
934,NA,"3","male",41,0,0,"SOTON/O.Q. 3101263",7.85,"U","S","P3Male","Goldsmith","Mr",1,"1Goldsmith",NA,"SOTON/O.Q. 31012xx",1,1,"solo",7.85,7.75,"[ 7.28,  7.92)",29.8474778255194,"No",1,0,"other","Yes"
935,NA,"2","female",30,0,0,"237249",13,"U","S","P2Female","Corbett","Mrs",1,"1Corbett",NA,"2372xx",1,1,"solo",13,12.35,"[10.52, 26.39)",37.7146470133246,"No",1,0,"other","Yes"
936,NA,"1","female",45,1,0,"11753",52.5542,"D","S","P1Female","Kimball","Mrs",2,"2Kimball",NA,"117xx",2,2,"duo",26.2771,30,"[10.52, 26.39)",43.9468451353687,"No",1,1,"survivors in group","No"
937,NA,"3","male",25,0,0,"STON/O 2. 3101291",7.925,"U","S","P3Male","Peltomaki","Mr",1,"1Peltomaki",NA,"STON/O 2. 31012xx",1,1,"solo",7.925,7.75,"[ 7.92, 10.52)",29.8474778255194,"No",1,0,"other","Yes"
938,NA,NA,"male",45,0,0,"PC 17594",29.7,"A","C",NA,"Chevre","Mr",1,"1Chevre",NA,"PC 175xx",1,1,"solo",29.7,28.875,"[26.39,128.08]",NA,"No",1,0,"other","Yes"
939,NA,"3","male",34.7540258173294,0,0,"370374",7.75,"U","Q","P3Male","Shaughnessy","Mr",1,"1Shaughnessy",NA,"3703xx",1,1,"solo",7.75,7.75,"[ 7.28,  7.92)",34.7540258173294,"No",1,0,"other","Yes"
940,NA,"1","female",60,0,0,"11813",76.2917,"D","C","P1Female","Bucknell","Mrs",1,"1Bucknell",NA,"118xx",2,2,"duo",38.14585,30,"[26.39,128.08]",43.2961651834835,"No",1,1,"survivors in group","Yes"
941,NA,"3","female",36,0,2,"C.A. 37671",15.9,"U","S","P3Female","Coutts","Mrs",3,"3Coutts",NA,"C.A. 376xx",3,3,"group",5.3,7.75,"[ 3.17,  7.28)",30.9142593465387,"No",1,2,"survivors in group","Yes"
942,NA,NA,"male",24,1,0,"13695",60,"C","S",NA,"Smith","Mr",2,"2Smith",NA,"136xx",2,2,"duo",30,28.875,"[26.39,128.08]",NA,"No",2,0,"other","No"
943,NA,"2","male",27,0,0,"SC/PARIS 2168",15.0333,"U","C","P2Male","Pulbaum","Mr",1,"1Pulbaum",NA,"SC/PARIS 21xx",1,1,"solo",15.0333,12.35,"[10.52, 26.39)",31.3376811073898,"No",1,0,"other","Yes"
944,NA,"2","female",20,2,1,"29105",23,"U","S","P2Female","Hocking","Miss",4,"4Hocking",4,"291xx",2,4,"group",11.5,12.35,"[10.52, 26.39)",16.9928261391656,"No",1,1,"survivors in group","No"
945,NA,"1","female",28,3,2,"19950",263,"C","S","P1Female","Fortune","Miss",6,"6Fortune",NA,"199xx",6,6,"large group",43.8333333333333,30,"[26.39,128.08]",28.246622458364,"No",2,2,"survivors in group","No"
946,NA,"2","male",31.3376811073898,0,0,"SC/A.3 2861",15.5792,"U","C","P2Male","Mangiavacchi","Mr",1,"1Mangiavacchi",NA,"SC/A.3 28xx",1,1,"solo",15.5792,12.35,"[10.52, 26.39)",31.3376811073898,"No",1,0,"other","Yes"
947,NA,"3","male",10,4,1,"382652",29.125,"U","Q","P3Male","Rice","Master",6,"6Rice",NA,"3826xx",6,6,"large group",4.85416666666667,7.75,"[ 3.17,  7.28)",7.89001202441654,"No",1,0,"other","No"
948,NA,"3","male",35,0,0,"349230",7.8958,"U","S","P3Male","Cor","Mr",3,"1Cor",NA,"3492xx",1,3,"group",7.8958,7.75,"[ 7.28,  7.92)",26.4605279624181,"No",1,0,"other","Yes"
949,NA,"3","male",25,0,0,"348122",7.65,"F","S","P3Male","Abelseth","Mr",2,"1Abelseth",NA,"3481xx",1,2,"duo",7.65,7.75,"[ 7.28,  7.92)",27.0954133877119,"No",1,0,"other","Yes"
950,NA,"3","male",25.770207736175,1,0,"386525",16.1,"U","S","P3Male","Davison","Mr",2,"2Davison",NA,"3865xx",2,2,"duo",8.05,7.75,"[ 7.92, 10.52)",25.770207736175,"No",1,1,"survivors in group","No"
951,NA,"1","female",36,0,0,"PC 17608",262.375,"B","C","P1Female","Chaudanson","Miss",1,"1Chaudanson",NA,"PC 176xx",7,7,"large group",37.4821428571429,30,"[26.39,128.08]",30.1937027279447,"No",5,2,"survivors in group","Yes"
952,NA,"3","male",17,0,0,"349232",7.8958,"U","S","P3Male","Dika","Mr",1,"1Dika",NA,"3492xx",1,1,"solo",7.8958,7.75,"[ 7.28,  7.92)",29.8474778255194,"No",1,0,"other","Yes"
953,NA,"2","male",32,0,0,"237216",13.5,"U","S","P2Male","McCrae","Mr",1,"1McCrae",NA,"2372xx",1,1,"solo",13.5,12.35,"[10.52, 26.39)",33.313566710812,"No",1,0,"other","Yes"
954,NA,"3","male",18,0,0,"347090",7.75,"U","S","P3Male","Bjorklund","Mr",1,"1Bjorklund",NA,"3470xx",1,1,"solo",7.75,7.75,"[ 7.28,  7.92)",29.8474778255194,"No",1,0,"other","Yes"
955,NA,"3","female",22,0,0,"334914",7.725,"U","Q","P3Female","Bradley","Miss",1,"1Bradley",NA,"3349xx",1,1,"solo",7.725,7.75,"[ 7.28,  7.92)",24.4443208710542,"No",1,0,"other","Yes"
956,NA,NA,"male",13,2,2,"PC 17608",262.375,"B","C",NA,"Ryerson","Master",5,"5Ryerson",NA,"PC 176xx",7,7,"large group",37.4821428571429,28.875,"[26.39,128.08]",NA,"No",5,2,"survivors in group","No"
957,NA,"2","female",34.9625825755171,0,0,"F.C.C. 13534",21,"U","S","P2Female","Corey","Mrs",1,"1Corey",NA,"F.C.C. 135xx",2,2,"duo",10.5,12.35,"[ 7.92, 10.52)",34.9625825755171,"No",2,0,"other","Yes"
958,NA,"3","female",18,0,0,"330963",7.8792,"U","Q","P3Female","Burns","Miss",1,"1Burns",NA,"3309xx",1,1,"solo",7.8792,7.75,"[ 7.28,  7.92)",24.4443208710542,"No",1,0,"other","Yes"
959,NA,NA,"male",47,0,0,"113796",42.4,"U","S",NA,"Moore","Mr",1,"1Moore",NA,"1137xx",2,2,"duo",21.2,28.875,"[10.52, 26.39)",NA,"No",1,0,"other","Yes"
960,NA,NA,"male",31,0,0,"2543",28.5375,"C","C",NA,"Tucker","Mr",1,"1Tucker",NA,"25xx",1,1,"solo",28.5375,28.875,"[26.39,128.08]",NA,"No",1,0,"other","Yes"
961,NA,"1","female",60,1,4,"19950",263,"C","S","P1Female","Fortune","Mrs",6,"6Fortune",NA,"199xx",6,6,"large group",43.8333333333333,30,"[26.39,128.08]",45.6604700918337,"No",2,2,"survivors in group","No"
962,NA,"3","female",24,0,0,"382653",7.75,"U","Q","P3Female","Mulvihill","Miss",1,"1Mulvihill",NA,"3826xx",1,1,"solo",7.75,7.75,"[ 7.28,  7.92)",24.4443208710542,"No",1,0,"other","Yes"
963,NA,"3","male",21,0,0,"349211",7.8958,"U","S","P3Male","Minkoff","Mr",1,"1Minkoff",NA,"3492xx",1,1,"solo",7.8958,7.75,"[ 7.28,  7.92)",29.8474778255194,"No",1,0,"other","Yes"
964,NA,"3","female",29,0,0,"3101297",7.925,"U","S","P3Female","Nieminen","Miss",1,"1Nieminen",NA,"31012xx",1,1,"solo",7.925,7.75,"[ 7.92, 10.52)",19.5377728792442,"No",1,0,"other","Yes"
965,NA,NA,"male",28.5,0,0,"PC 17562",27.7208,"D","C",NA,"Ovies y Rodriguez","Mr",1,"1Ovies y Rodriguez",NA,"PC 175xx",1,1,"solo",27.7208,28.875,"[26.39,128.08]",NA,"No",1,0,"other","Yes"
966,NA,"1","female",35,0,0,"113503",211.5,"C","C","P1Female","Geiger","Miss",1,"1Geiger",NA,"1135xx",5,5,"large group",42.3,30,"[26.39,128.08]",30.1937027279447,"No",4,0,"other","Yes"
967,NA,NA,"male",32.5,0,0,"113503",211.5,"C","C",NA,"Keeping","Mr",1,"1Keeping",NA,"1135xx",5,5,"large group",42.3,28.875,"[26.39,128.08]",NA,"No",4,0,"other","Yes"
968,NA,"3","male",29.8474778255194,0,0,"359306",8.05,"U","S","P3Male","Miles","Mr",1,"1Miles",NA,"3593xx",1,1,"solo",8.05,7.75,"[ 7.92, 10.52)",29.8474778255194,"No",1,0,"other","Yes"
969,NA,"1","female",55,2,0,"11770",25.7,"C","S","P1Female","Cornell","Mrs",3,"3Cornell",NA,"117xx",1,3,"group",25.7,30,"[10.52, 26.39)",41.986754058538,"No",1,0,"other","No"
970,NA,"2","male",30,0,0,"248744",13,"U","S","P2Male","Aldworth","Mr",1,"1Aldworth",NA,"2487xx",1,1,"solo",13,12.35,"[10.52, 26.39)",33.313566710812,"No",1,0,"other","Yes"
971,NA,"3","female",24,0,0,"368702",7.75,"U","Q","P3Female","Doyle","Miss",1,"1Doyle",NA,"3687xx",1,1,"solo",7.75,7.75,"[ 7.28,  7.92)",24.4443208710542,"No",1,0,"other","Yes"
972,NA,"3","male",6,1,1,"2678",15.2458,"U","C","P3Male","Boulos","Master",3,"3Boulos",NA,"26xx",3,3,"group",5.08193333333333,7.75,"[ 3.17,  7.28)",2.73998716525239,"No",1,0,"other","No"
973,NA,NA,"male",67,1,0,"PC 17483",221.7792,"C","S",NA,"Straus","Mr",2,"2Straus",NA,"PC 174xx",4,4,"group",55.4448,28.875,"[26.39,128.08]",NA,"No",3,0,"other","No"
974,NA,NA,"male",49,0,0,"19924",26,"U","S",NA,"Case","Mr",1,"1Case",NA,"199xx",1,1,"solo",26,28.875,"[10.52, 26.39)",NA,"No",1,0,"other","Yes"
975,NA,"3","male",29.8474778255194,0,0,"349238",7.8958,"U","S","P3Male","Demetri","Mr",1,"1Demetri",NA,"3492xx",1,1,"solo",7.8958,7.75,"[ 7.28,  7.92)",29.8474778255194,"No",1,0,"other","Yes"
976,NA,"2","male",38.220114702622,0,0,"240261",10.7083,"U","Q","P2Male","Lamb","Mr",1,"1Lamb",NA,"2402xx",1,1,"solo",10.7083,12.35,"[10.52, 26.39)",38.220114702622,"No",1,0,"other","Yes"
977,NA,"3","male",23.7943221327528,1,0,"2660",14.4542,"U","C","P3Male","Khalil","Mr",2,"2Khalil",NA,"26xx",2,2,"duo",7.2271,7.75,"[ 3.17,  7.28)",23.7943221327528,"No",2,0,"other","No"
978,NA,"3","female",27,0,0,"330844",7.8792,"U","Q","P3Female","Barry","Miss",1,"1Barry",NA,"3308xx",1,1,"solo",7.8792,7.75,"[ 7.28,  7.92)",24.4443208710542,"No",1,0,"other","Yes"
979,NA,"3","female",18,0,0,"A/4 31416",8.05,"U","S","P3Female","Badman","Miss",1,"1Badman",NA,"A/4 314xx",1,1,"solo",8.05,7.75,"[ 7.92, 10.52)",19.5377728792442,"No",1,0,"other","Yes"
980,NA,"3","female",24.4443208710542,0,0,"364856",7.75,"U","Q","P3Female","O'Donoghue","Miss",1,"1O'Donoghue",NA,"3648xx",1,1,"solo",7.75,7.75,"[ 7.28,  7.92)",24.4443208710542,"No",1,0,"other","Yes"
981,NA,"2","male",2,1,1,"29103",23,"U","S","P2Male","Wells","Master",3,"3Wells",NA,"291xx",3,3,"group",7.66666666666667,12.35,"[ 7.28,  7.92)",8.18196165396719,"Yes",2,1,"survivors in group","No"
982,NA,"3","female",22,1,0,"347072",13.9,"U","S","P3Female","Dyker","Mrs",2,"2Dyker",NA,"3470xx",2,2,"duo",6.95,7.75,"[ 3.17,  7.28)",30.1712880386875,"No",2,0,"other","No"
983,NA,"3","male",29.8474778255194,0,0,"345498",7.775,"U","S","P3Male","Pedersen","Mr",1,"1Pedersen",NA,"3454xx",1,1,"solo",7.775,7.75,"[ 7.28,  7.92)",29.8474778255194,"No",1,0,"other","Yes"
984,NA,"1","female",27,1,2,"F.C. 12750",52,"B","S","P1Female","Davidson","Mrs",3,"4Davidson",3,"F.C. 127xx",2,3,"group",26,30,"[10.52, 26.39)",43.3646107916829,"No",1,0,"other","No"
985,NA,"3","male",29.8474778255194,0,0,"376563",8.05,"U","S","P3Male","Guest","Mr",1,"1Guest",NA,"3765xx",1,1,"solo",8.05,7.75,"[ 7.92, 10.52)",29.8474778255194,"No",1,0,"other","Yes"
986,NA,NA,"male",25,0,0,"13905",26,"U","C",NA,"Birnbaum","Mr",1,"1Birnbaum",NA,"139xx",1,1,"solo",26,28.875,"[10.52, 26.39)",NA,"No",1,0,"other","Yes"
987,NA,"3","male",25,0,0,"350033",7.7958,"U","S","P3Male","Tenglin","Mr",1,"1Tenglin",NA,"3500xx",1,1,"solo",7.7958,7.75,"[ 7.28,  7.92)",29.8474778255194,"No",1,0,"other","Yes"
988,NA,"1","female",76,1,0,"19877",78.85,"C","S","P1Female","Cavendish","Mrs",2,"2Cavendish",NA,"198xx",3,3,"group",26.2833333333333,30,"[10.52, 26.39)",43.3119597100749,"No",1,1,"survivors in group","No"
989,NA,"3","male",29,0,0,"STON/O 2. 3101268",7.925,"U","S","P3Male","Makinen","Mr",1,"1Makinen",NA,"STON/O 2. 31012xx",1,1,"solo",7.925,7.75,"[ 7.92, 10.52)",29.8474778255194,"No",1,0,"other","Yes"
990,NA,"3","female",20,0,0,"347471",7.8542,"U","S","P3Female","Braf","Miss",1,"1Braf",NA,"3474xx",1,1,"solo",7.8542,7.75,"[ 7.28,  7.92)",19.5377728792442,"No",1,0,"other","Yes"
991,NA,"3","male",33,0,0,"A./5. 3338",8.05,"U","S","P3Male","Nancarrow","Mr",1,"1Nancarrow",NA,"A./5. 33xx",1,1,"solo",8.05,7.75,"[ 7.92, 10.52)",29.8474778255194,"No",1,0,"other","Yes"
992,NA,"1","female",43,1,0,"11778",55.4417,"C","C","P1Female","Stengel","Mrs",2,"2Stengel",NA,"117xx",2,2,"duo",27.72085,30,"[26.39,128.08]",41.9709595319465,"No",2,0,"other","No"
993,NA,"2","male",27,1,0,"228414",26,"U","S","P2Male","Weisz","Mr",2,"2Weisz",NA,"2284xx",2,2,"duo",13,12.35,"[10.52, 26.39)",29.2362966214676,"No",1,1,"survivors in group","No"
994,NA,"3","male",34.7540258173294,0,0,"365235",7.75,"U","Q","P3Male","Foley","Mr",1,"1Foley",NA,"3652xx",1,1,"solo",7.75,7.75,"[ 7.28,  7.92)",34.7540258173294,"No",1,0,"other","Yes"
995,NA,"3","male",26,0,0,"347070",7.775,"U","S","P3Male","Johansson Palmquist","Mr",1,"1Johansson Palmquist",NA,"3470xx",1,1,"solo",7.775,7.75,"[ 7.28,  7.92)",29.8474778255194,"No",1,0,"other","Yes"
996,NA,"3","female",16,1,1,"2625",8.5167,"U","C","P3Female","Thomas","Mrs",3,"3Thomas",NA,"26xx",2,3,"group",4.25835,7.75,"[ 3.17,  7.28)",27.5868425507756,"No",1,1,"survivors in group","No"
997,NA,"3","male",28,0,0,"C 4001",22.525,"U","S","P3Male","Holthen","Mr",1,"1Holthen",NA,"C 40xx",3,3,"group",7.50833333333333,7.75,"[ 7.28,  7.92)",26.4605279624181,"No",2,0,"other","Yes"
998,NA,"3","male",21,0,0,"330920",7.8208,"U","Q","P3Male","Buckley","Mr",1,"1Buckley",NA,"3309xx",1,1,"solo",7.8208,7.75,"[ 7.28,  7.92)",34.7540258173294,"No",1,0,"other","Yes"
999,NA,"3","male",34.7540258173294,0,0,"383162",7.75,"U","Q","P3Male","Ryan","Mr",1,"1Ryan",NA,"3831xx",1,1,"solo",7.75,7.75,"[ 7.28,  7.92)",34.7540258173294,"No",1,0,"other","Yes"
1000,NA,"3","male",29.8474778255194,0,0,"3410",8.7125,"U","S","P3Male","Willer","Mr",1,"1Willer",NA,"34xx",1,1,"solo",8.7125,7.75,"[ 7.92, 10.52)",29.8474778255194,"No",1,0,"other","Yes"
1001,NA,"2","male",18.5,0,0,"248734",13,"F","S","P2Male","Swane","Mr",1,"1Swane",NA,"2487xx",1,1,"solo",13,12.35,"[10.52, 26.39)",33.313566710812,"No",1,0,"other","Yes"
1002,NA,"2","male",41,0,0,"237734",15.0458,"U","C","P2Male","Stanton","Mr",1,"1Stanton",NA,"2377xx",1,1,"solo",15.0458,12.35,"[10.52, 26.39)",31.3376811073898,"No",1,0,"other","Yes"
1003,NA,"3","female",24.4443208710542,0,0,"330968",7.7792,"U","Q","P3Female","Shine","Miss",1,"1Shine",NA,"3309xx",1,1,"solo",7.7792,7.75,"[ 7.28,  7.92)",24.4443208710542,"No",1,0,"other","Yes"
1004,NA,"1","female",36,0,0,"PC 17531",31.6792,"A","C","P1Female","Evans","Miss",1,"1Evans",NA,"PC 175xx",1,1,"solo",31.6792,30,"[26.39,128.08]",31.3374443725031,"No",1,0,"other","Yes"
1005,NA,"3","female",18.5,0,0,"329944",7.2833,"U","Q","P3Female","Buckley","Miss",1,"1Buckley",NA,"3299xx",1,1,"solo",7.2833,7.75,"[ 7.28,  7.92)",24.4443208710542,"No",1,0,"other","Yes"
1006,NA,"1","female",63,1,0,"PC 17483",221.7792,"C","S","P1Female","Straus","Mrs",2,"2Straus",NA,"PC 174xx",4,4,"group",55.4448,30,"[26.39,128.08]",43.3119597100749,"No",3,0,"other","No"
1007,NA,"3","male",18,1,0,"2680",14.4542,"U","C","P3Male","Chronopoulos","Mr",2,"2Chronopoulos",NA,"26xx",2,2,"duo",7.2271,7.75,"[ 3.17,  7.28)",23.7943221327528,"No",1,0,"other","No"
1008,NA,"3","male",25.1195277842898,0,0,"2681",6.4375,"U","C","P3Male","Thomas","Mr",2,"1Thomas",NA,"26xx",1,2,"duo",6.4375,7.75,"[ 3.17,  7.28)",25.1195277842898,"No",1,0,"other","Yes"
1009,NA,"3","female",1,1,1,"PP 9549",16.7,"G","S","P3Female","Sandstrom","Miss",3,"3Sandstrom",NA,"PP 95xx",3,3,"group",5.56666666666667,7.75,"[ 3.17,  7.28)",14.85194290541,"No",1,2,"survivors in group","No"
1010,NA,NA,"male",36,0,0,"13050",75.2417,"C","C",NA,"Beattie","Mr",1,"1Beattie",NA,"130xx",2,2,"duo",37.62085,28.875,"[26.39,128.08]",NA,"No",2,0,"other","Yes"
1011,NA,"2","female",29,1,0,"SC/AH 29037",26,"U","S","P2Female","Chapman","Mrs",2,"2Chapman",NA,"SC/AH 290xx",2,2,"duo",13,12.35,"[10.52, 26.39)",33.6373769239802,"No",1,0,"other","No"
1012,NA,"2","female",12,0,0,"C.A. 33595",15.75,"U","S","P2Female","Watt","Miss",2,"1Watt",NA,"C.A. 335xx",2,2,"duo",7.875,12.35,"[ 7.28,  7.92)",20.2517973267293,"Yes",1,1,"survivors in group","Yes"
1013,NA,"3","male",30.676755727985,1,0,"367227",7.75,"U","Q","P3Male","Kiernan","Mr",2,"2Kiernan",NA,"3672xx",1,2,"duo",7.75,7.75,"[ 7.28,  7.92)",30.676755727985,"No",1,0,"other","No"
1014,NA,"1","female",35,1,0,"13236",57.75,"C","C","P1Female","Schabert","Mrs",2,"2Schabert",NA,"132xx",2,2,"duo",28.875,30,"[26.39,128.08]",41.9709595319465,"No",2,0,"other","No"
1015,NA,"3","male",28,0,0,"392095",7.25,"U","S","P3Male","Carver","Mr",1,"1Carver",NA,"3920xx",1,1,"solo",7.25,7.75,"[ 3.17,  7.28)",29.8474778255194,"No",1,0,"other","Yes"
1016,NA,"3","male",34.7540258173294,0,0,"368783",7.75,"U","Q","P3Male","Kennedy","Mr",1,"1Kennedy",NA,"3687xx",1,1,"solo",7.75,7.75,"[ 7.28,  7.92)",34.7540258173294,"No",1,0,"other","Yes"
1017,NA,"3","female",17,0,1,"371362",16.1,"U","S","P3Female","Cribb","Miss",2,"2Cribb",NA,"3713xx",2,2,"duo",8.05,7.75,"[ 7.92, 10.52)",16.8120339822407,"No",1,0,"other","Yes"
1018,NA,"3","male",22,0,0,"350045",7.7958,"U","S","P3Male","Brobeck","Mr",1,"1Brobeck",NA,"3500xx",1,1,"solo",7.7958,7.75,"[ 7.28,  7.92)",29.8474778255194,"No",1,0,"other","Yes"
1019,NA,"3","female",18.406959704879,2,0,"367226",23.25,"U","Q","P3Female","McCoy","Miss",3,"3McCoy",NA,"3672xx",3,3,"group",7.75,7.75,"[ 7.28,  7.92)",18.406959704879,"No",1,2,"survivors in group","No"
1020,NA,"2","male",42,0,0,"211535",13,"U","S","P2Male","Bowenur","Mr",1,"1Bowenur",NA,"2115xx",1,1,"solo",13,12.35,"[10.52, 26.39)",33.313566710812,"No",1,0,"other","Yes"
1021,NA,"3","male",24,0,0,"342441",8.05,"U","S","P3Male","Petersen","Mr",1,"1Petersen",NA,"3424xx",1,1,"solo",8.05,7.75,"[ 7.92, 10.52)",29.8474778255194,"No",1,0,"other","Yes"
1022,NA,"3","male",32,0,0,"STON/OQ. 369943",8.05,"U","S","P3Male","Spinner","Mr",1,"1Spinner",NA,"STON/OQ. 3699xx",1,1,"solo",8.05,7.75,"[ 7.92, 10.52)",29.8474778255194,"No",1,0,"other","Yes"
1023,NA,NA,"male",53,0,0,"113780",28.5,"C","C",NA,"Gracie","Rare Title",1,"1Gracie",NA,"1137xx",1,1,"solo",28.5,28.875,"[26.39,128.08]",NA,"No",1,0,"other","Yes"
1024,NA,"3","female",33.2101186466895,0,4,"4133",25.4667,"U","S","P3Female","Lefebre","Mrs",5,"5Lefebre",NA,"41xx",5,5,"large group",5.09334,7.75,"[ 3.17,  7.28)",33.2101186466895,"No",1,0,"other","Yes"
1025,NA,"3","male",23.7943221327528,1,0,"2621",6.4375,"U","C","P3Male","Thomas","Mr",2,"2Thomas",NA,"26xx",1,2,"duo",6.4375,7.75,"[ 3.17,  7.28)",23.7943221327528,"No",1,0,"other","No"
1026,NA,"3","male",43,0,0,"349226",7.8958,"U","S","P3Male","Dintcheff","Mr",1,"1Dintcheff",NA,"3492xx",1,1,"solo",7.8958,7.75,"[ 7.28,  7.92)",29.8474778255194,"No",1,0,"other","Yes"
1027,NA,"3","male",24,0,0,"350409",7.8542,"U","S","P3Male","Carlsson","Mr",1,"1Carlsson",NA,"3504xx",1,1,"solo",7.8542,7.75,"[ 7.28,  7.92)",29.8474778255194,"No",1,0,"other","Yes"
1028,NA,"3","male",26.5,0,0,"2656",7.225,"U","C","P3Male","Zakarian","Mr",2,"1Zakarian",NA,"26xx",1,2,"duo",7.225,7.75,"[ 3.17,  7.28)",25.1195277842898,"No",1,0,"other","Yes"
1029,NA,"2","male",26,0,0,"248659",13,"U","S","P2Male","Schmidt","Mr",1,"1Schmidt",NA,"2486xx",1,1,"solo",13,12.35,"[10.52, 26.39)",33.313566710812,"No",1,0,"other","Yes"
1030,NA,"3","female",23,0,0,"SOTON/OQ 392083",8.05,"U","S","P3Female","Drapkin","Miss",1,"1Drapkin",NA,"SOTON/OQ 3920xx",1,1,"solo",8.05,7.75,"[ 7.92, 10.52)",19.5377728792442,"No",1,0,"other","Yes"
1031,NA,"3","male",40,1,6,"CA 2144",46.9,"U","S","P3Male","Goodwin","Mr",8,"8Goodwin",NA,"CA 21xx",8,8,"large group",5.8625,7.75,"[ 3.17,  7.28)",27.5364837742481,"No",2,0,"other","No"
1032,NA,"3","female",10,5,2,"CA 2144",46.9,"U","S","P3Female","Goodwin","Miss",8,"8Goodwin",NA,"CA 21xx",8,8,"large group",5.8625,7.75,"[ 3.17,  7.28)",11.820654058609,"No",2,0,"other","No"
1033,NA,"1","female",33,0,0,"113781",151.55,"U","S","P1Female","Daniels","Miss",1,"1Daniels",NA,"1137xx",6,6,"large group",25.2583333333333,30,"[10.52, 26.39)",32.1695883313669,"No",2,2,"survivors in group","Yes"
1034,NA,NA,"male",61,1,3,"PC 17608",262.375,"B","C",NA,"Ryerson","Mr",5,"5Ryerson",NA,"PC 176xx",7,7,"large group",37.4821428571429,28.875,"[26.39,128.08]",NA,"No",5,2,"survivors in group","No"
1035,NA,"2","male",28,0,0,"244358",26,"U","S","P2Male","Beauchamp","Mr",1,"1Beauchamp",NA,"2443xx",2,2,"duo",13,12.35,"[10.52, 26.39)",30.5615022730045,"No",1,0,"other","Yes"
1036,NA,NA,"male",42,0,0,"17475",26.55,"U","S",NA,"Lindeberg","Mr",1,"1Lindeberg",NA,"174xx",1,1,"solo",26.55,28.875,"[26.39,128.08]",NA,"No",1,0,"other","Yes"
1037,NA,"3","male",31,3,0,"345763",18,"U","S","P3Male","Vander Planke","Mr",3,"4Vander Planke",3,"3457xx",2,3,"group",9,7.75,"[ 7.92, 10.52)",22.4849110078073,"No",1,0,"other","No"
1038,NA,NA,"male",NA,0,0,"17463",51.8625,"E","S",NA,"Hilliard","Mr",1,"1Hilliard",NA,"174xx",2,2,"duo",25.93125,28.875,"[10.52, 26.39)",NA,"No",1,0,"other","Yes"
1039,NA,"3","male",22,0,0,"SC/A4 23568",8.05,"U","S","P3Male","Davies","Mr",1,"1Davies",NA,"SC/A4 235xx",1,1,"solo",8.05,7.75,"[ 7.92, 10.52)",29.8474778255194,"No",1,0,"other","Yes"
1040,NA,NA,"male",NA,0,0,"113791",26.55,"U","S",NA,"Crafton","Mr",1,"1Crafton",NA,"1137xx",1,1,"solo",26.55,28.875,"[26.39,128.08]",NA,"No",1,0,"other","Yes"
1041,NA,"2","male",30,1,1,"250651",26,"U","S","P2Male","Lahtinen","Rare Title",3,"3Lahtinen",NA,"2506xx",2,3,"group",13,12.35,"[10.52, 26.39)",36.7358876655325,"No",1,0,"other","No"
1042,NA,"1","female",23,0,1,"11767",83.1583,"C","C","P1Female","Earnshaw","Mrs",2,"2Earnshaw",NA,"117xx",3,3,"group",27.7194333333333,30,"[26.39,128.08]",42.6876052989937,"No",1,2,"survivors in group","Yes"
1043,NA,"3","male",27.8715922220972,0,0,"349255",7.8958,"U","C","P3Male","Matinoff","Mr",1,"1Matinoff",NA,"3492xx",1,1,"solo",7.8958,7.75,"[ 7.28,  7.92)",27.8715922220972,"No",1,0,"other","Yes"
1044,NA,"3","male",60.5,0,0,"3701",NA,"U","S","P3Male","Storey","Mr",1,"1Storey",NA,"37xx",1,1,"solo",7.8,7.75,"[ 7.28,  7.92)",29.8474778255194,"No",1,0,"other","Yes"
1045,NA,"3","female",36,0,2,"350405",12.1833,"U","S","P3Female","Klasen","Mrs",3,"3Klasen",NA,"3504xx",2,3,"group",6.09165,7.75,"[ 3.17,  7.28)",30.9142593465387,"No",2,0,"other","Yes"
1046,NA,"3","male",13,4,2,"347077",31.3875,"U","S","P3Male","Asplund","Master",7,"7Asplund",NA,"3470xx",7,7,"large group",4.48392857142857,7.75,"[ 3.17,  7.28)",3.00978957341055,"No",3,3,"survivors in group","No"
1047,NA,"3","male",24,0,0,"S.O./P.P. 752",7.55,"U","S","P3Male","Duquemin","Mr",1,"1Duquemin",NA,"S.O./P.P. 7xx",1,1,"solo",7.55,7.75,"[ 7.28,  7.92)",29.8474778255194,"No",1,0,"other","Yes"
1048,NA,"1","female",29,0,0,"PC 17483",221.7792,"C","S","P1Female","Bird","Miss",1,"1Bird",NA,"PC 174xx",4,4,"group",55.4448,30,"[26.39,128.08]",29.926380112824,"No",3,0,"other","Yes"
1049,NA,"3","female",23,0,0,"347469",7.8542,"U","S","P3Female","Lundin","Miss",1,"1Lundin",NA,"3474xx",1,1,"solo",7.8542,7.75,"[ 7.28,  7.92)",19.5377728792442,"No",1,0,"other","Yes"
1050,NA,NA,"male",42,0,0,"110489",26.55,"D","S",NA,"Borebank","Mr",1,"1Borebank",NA,"1104xx",1,1,"solo",26.55,28.875,"[26.39,128.08]",NA,"No",1,0,"other","Yes"
1051,NA,"3","female",26,0,2,"SOTON/O.Q. 3101315",13.775,"U","S","P3Female","Peacock","Mrs",3,"3Peacock",NA,"SOTON/O.Q. 31013xx",3,3,"group",4.59166666666667,7.75,"[ 3.17,  7.28)",30.9142593465387,"No",3,0,"other","Yes"
1052,NA,"3","female",24.4443208710542,0,0,"335432",7.7333,"U","Q","P3Female","Smyth","Miss",1,"1Smyth",NA,"3354xx",1,1,"solo",7.7333,7.75,"[ 7.28,  7.92)",24.4443208710542,"No",1,0,"other","Yes"
1053,NA,"3","male",7,1,1,"2650",15.2458,"U","C","P3Male","Touma","Master",3,"3Touma",NA,"26xx",3,3,"group",5.08193333333333,7.75,"[ 3.17,  7.28)",2.73998716525239,"No",2,1,"survivors in group","No"
1054,NA,"2","female",26,0,0,"220844",13.5,"U","S","P2Female","Wright","Miss",1,"1Wright",NA,"2208xx",1,1,"solo",13.5,12.35,"[10.52, 26.39)",23.0038617645368,"No",1,0,"other","Yes"
1055,NA,"3","male",29.8474778255194,0,0,"343271",7,"U","S","P3Male","Pearce","Mr",1,"1Pearce",NA,"3432xx",1,1,"solo",7,7.75,"[ 3.17,  7.28)",29.8474778255194,"No",1,0,"other","Yes"
1056,NA,"2","male",41,0,0,"237393",13,"U","S","P2Male","Peruschitz","Rare Title",1,"1Peruschitz",NA,"2373xx",1,1,"solo",13,12.35,"[10.52, 26.39)",41.4217176393667,"No",1,0,"other","Yes"
1057,NA,"3","female",26,1,1,"315153",22.025,"U","S","P3Female","Kink","Mrs",3,"3Kink",3,"3151xx",3,3,"group",7.34166666666667,7.75,"[ 7.28,  7.92)",29.5627281541978,"No",2,1,"survivors in group","No"
1058,NA,NA,"male",48,0,0,"PC 17591",50.4958,"B","C",NA,"Brandeis","Mr",1,"1Brandeis",NA,"PC 175xx",1,1,"solo",50.4958,28.875,"[26.39,128.08]",NA,"No",1,0,"other","Yes"
1059,NA,"3","male",18,2,2,"W./C. 6608",34.375,"U","S","P3Male","Ford","Mr",5,"5Ford",NA,"W./C. 66xx",5,5,"large group",6.875,7.75,"[ 3.17,  7.28)",26.1059759594951,"No",1,0,"other","No"
1060,NA,"1","female",46.0482296212909,0,0,"17770",27.7208,"U","C","P1Female","Cassebeer","Mrs",1,"1Cassebeer",NA,"177xx",1,1,"solo",27.7208,30,"[26.39,128.08]",46.0482296212909,"No",1,0,"other","Yes"
1061,NA,"3","female",22,0,0,"7548",8.9625,"U","S","P3Female","Hellstrom","Miss",1,"1Hellstrom",NA,"75xx",1,1,"solo",8.9625,7.75,"[ 7.92, 10.52)",19.5377728792442,"No",1,0,"other","Yes"
1062,NA,"3","male",29.8474778255194,0,0,"S.O./P.P. 251",7.55,"U","S","P3Male","Lithman","Mr",1,"1Lithman",NA,"S.O./P.P. 2xx",1,1,"solo",7.55,7.75,"[ 7.28,  7.92)",29.8474778255194,"No",1,0,"other","Yes"
1063,NA,"3","male",27,0,0,"2670",7.225,"U","C","P3Male","Zakarian","Mr",2,"1Zakarian",NA,"26xx",1,2,"duo",7.225,7.75,"[ 3.17,  7.28)",25.1195277842898,"No",1,0,"other","Yes"
1064,NA,"3","male",23,1,0,"347072",13.9,"U","S","P3Male","Dyker","Mr",2,"2Dyker",NA,"3470xx",2,2,"duo",6.95,7.75,"[ 3.17,  7.28)",25.770207736175,"No",2,0,"other","No"
1065,NA,"3","male",27.8715922220972,0,0,"2673",7.2292,"U","C","P3Male","Torfa","Mr",1,"1Torfa",NA,"26xx",1,1,"solo",7.2292,7.75,"[ 3.17,  7.28)",27.8715922220972,"No",1,0,"other","Yes"
1066,NA,"3","male",40,1,5,"347077",31.3875,"U","S","P3Male","Asplund","Mr",7,"7Asplund",NA,"3470xx",7,7,"large group",4.48392857142857,7.75,"[ 3.17,  7.28)",27.510158233444,"No",3,3,"survivors in group","No"
1067,NA,"2","female",15,0,2,"29750",39,"U","S","P2Female","Brown","Miss",3,"3Brown",NA,"297xx",3,3,"group",13,12.35,"[10.52, 26.39)",19.6695629830435,"No",1,1,"survivors in group","Yes"
1068,NA,"2","female",20,0,0,"C.A. 33112",36.75,"U","S","P2Female","Sincock","Miss",1,"1Sincock",NA,"C.A. 331xx",4,4,"group",9.1875,12.35,"[ 7.92, 10.52)",19.6169119014355,"No",2,1,"survivors in group","Yes"
1069,NA,NA,"male",54,1,0,"11778",55.4417,"C","C",NA,"Stengel","Mr",2,"2Stengel",NA,"117xx",2,2,"duo",27.72085,28.875,"[26.39,128.08]",NA,"No",2,0,"other","No"
1070,NA,"2","female",36,0,3,"230136",39,"F","S","P2Female","Becker","Mrs",4,"4Becker",NA,"2301xx",4,4,"group",9.75,12.35,"[ 7.92, 10.52)",34.4066737726353,"No",2,2,"survivors in group","Yes"
1071,NA,"1","female",64,0,2,"PC 17756",83.1583,"E","C","P1Female","Compton","Mrs",3,"3Compton",NA,"PC 177xx",3,3,"group",27.7194333333333,30,"[26.39,128.08]",42.7139308397977,"No",2,1,"survivors in group","Yes"
1072,NA,"2","male",30,0,0,"233478",13,"U","S","P2Male","McCrie","Mr",1,"1McCrie",NA,"2334xx",1,1,"solo",13,12.35,"[10.52, 26.39)",33.313566710812,"No",1,0,"other","Yes"
1073,NA,NA,"male",37,1,1,"PC 17756",83.1583,"E","C",NA,"Compton","Mr",3,"3Compton",NA,"PC 177xx",3,3,"group",27.7194333333333,28.875,"[26.39,128.08]",NA,"No",2,1,"survivors in group","No"
1074,NA,"1","female",18,1,0,"113773",53.1,"D","S","P1Female","Marvin","Mrs",2,"2Marvin",NA,"1137xx",2,2,"duo",26.55,30,"[26.39,128.08]",43.9468451353687,"No",1,0,"other","No"
1075,NA,"3","male",34.7540258173294,0,0,"7935",7.75,"U","Q","P3Male","Lane","Mr",1,"1Lane",NA,"79xx",1,1,"solo",7.75,7.75,"[ 7.28,  7.92)",34.7540258173294,"No",1,0,"other","Yes"
1076,NA,"1","female",27,1,1,"PC 17558",247.5208,"B","C","P1Female","Douglas","Mrs",3,"3Douglas",NA,"PC 175xx",3,3,"group",82.5069333333333,30,"[26.39,128.08]",41.3623996474567,"No",1,1,"survivors in group","No"
1077,NA,"2","male",40,0,0,"239059",16,"U","S","P2Male","Maybery","Mr",1,"1Maybery",NA,"2390xx",1,1,"solo",16,12.35,"[10.52, 26.39)",33.313566710812,"No",1,0,"other","Yes"
1078,NA,"2","female",21,0,1,"S.O./P.P. 2",21,"U","S","P2Female","Phillips","Miss",2,"2Phillips",NA,"S.O./P.P.xx",2,2,"duo",10.5,12.35,"[ 7.92, 10.52)",20.2781228675333,"No",2,0,"other","Yes"
1079,NA,"3","male",17,2,0,"A/4 48873",8.05,"U","S","P3Male","Davies","Mr",3,"3Davies",NA,"A/4 488xx",1,3,"group",8.05,7.75,"[ 7.92, 10.52)",23.8101166593442,"No",1,0,"other","No"
1080,NA,"3","female",7.84503710399817,8,2,"CA. 2343",69.55,"U","S","P3Female","Sage","Miss",11,"11Sage",NA,"CA. 23xx",11,11,"large group",6.32272727272727,7.75,"[ 3.17,  7.28)",7.84503710399817,"No",4,0,"other","No"
1081,NA,"2","male",40,0,0,"28221",13,"U","S","P2Male","Veal","Mr",1,"1Veal",NA,"282xx",1,1,"solo",13,12.35,"[10.52, 26.39)",33.313566710812,"No",1,0,"other","Yes"
1082,NA,"2","male",34,1,0,"226875",26,"U","S","P2Male","Angle","Mr",2,"2Angle",NA,"2268xx",2,2,"duo",13,12.35,"[10.52, 26.39)",29.2362966214676,"No",1,1,"survivors in group","No"
1083,NA,NA,"male",NA,0,0,"111163",26,"U","S",NA,"Salomon","Mr",1,"1Salomon",NA,"1111xx",1,1,"solo",26,28.875,"[10.52, 26.39)",NA,"No",1,0,"other","Yes"
1084,NA,"3","male",11.5,1,1,"A/5. 851",14.5,"U","S","P3Male","van Billiard","Master",3,"3van Billiard",NA,"A/5. 8xx",3,3,"group",4.83333333333333,7.75,"[ 3.17,  7.28)",4.71587276867457,"No",2,0,"other","No"
1085,NA,"2","male",61,0,0,"235509",12.35,"U","Q","P2Male","Lingane","Mr",1,"1Lingane",NA,"2355xx",1,1,"solo",12.35,12.35,"[10.52, 26.39)",38.220114702622,"No",1,0,"other","Yes"
1086,NA,"2","male",8,0,2,"28220",32.5,"U","S","P2Male","Drew","Master",3,"3Drew",NA,"282xx",3,3,"group",10.8333333333333,12.35,"[10.52, 26.39)",9.53349284630814,"Yes",2,1,"survivors in group","Yes"
1087,NA,"3","male",33,0,0,"347465",7.8542,"U","S","P3Male","Karlsson","Mr",1,"1Karlsson",NA,"3474xx",1,1,"solo",7.8542,7.75,"[ 7.28,  7.92)",29.8474778255194,"No",1,0,"other","Yes"
1088,NA,NA,"male",6,0,2,"16966",134.5,"E","C",NA,"Spedden","Master",3,"3Spedden",NA,"169xx",5,5,"large group",26.9,28.875,"[26.39,128.08]",NA,"No",3,2,"survivors in group","Yes"
1089,NA,"3","female",18,0,0,"347066",7.775,"U","S","P3Female","Nilsson","Miss",1,"1Nilsson",NA,"3470xx",1,1,"solo",7.775,7.75,"[ 7.28,  7.92)",19.5377728792442,"No",1,0,"other","Yes"
1090,NA,"2","male",23,0,0,"C.A. 31030",10.5,"U","S","P2Male","Baimbrigge","Mr",1,"1Baimbrigge",NA,"C.A. 310xx",1,1,"solo",10.5,12.35,"[ 7.92, 10.52)",33.313566710812,"No",1,0,"other","Yes"
1091,NA,"3","female",34.248558128032,0,0,"65305",8.1125,"U","S","P3Female","Rasmussen","Mrs",1,"1Rasmussen",NA,"653xx",1,1,"solo",8.1125,7.75,"[ 7.92, 10.52)",34.248558128032,"No",1,0,"other","Yes"
1092,NA,"3","female",21.6922564332467,0,0,"36568",15.5,"U","Q","P3Female","Murphy","Miss",1,"1Murphy",NA,"365xx",2,2,"duo",7.75,7.75,"[ 7.28,  7.92)",21.6922564332467,"No",1,0,"other","Yes"
1093,NA,"3","male",0.33,0,2,"347080",14.4,"U","S","P3Male","Danbom","Master",3,"3Danbom",NA,"3470xx",3,3,"group",4.8,7.75,"[ 3.17,  7.28)",6.06740396101552,"No",1,0,"other","Yes"
1094,NA,NA,"male",47,1,0,"PC 17757",227.525,"C","C",NA,"Astor","Rare Title",2,"2Astor",NA,"PC 177xx",5,5,"large group",45.505,28.875,"[26.39,128.08]",NA,"No",1,3,"survivors in group","No"
1095,NA,"2","female",8,1,1,"26360",26,"U","S","P2Female","Quick","Miss",3,"3Quick",NA,"263xx",3,3,"group",8.66666666666667,12.35,"[ 7.92, 10.52)",18.3180317907026,"Yes",1,2,"survivors in group","No"
1096,NA,"2","male",25,0,0,"C.A. 34050",10.5,"U","S","P2Male","Andrew","Mr",1,"1Andrew",NA,"C.A. 340xx",1,1,"solo",10.5,12.35,"[ 7.92, 10.52)",33.313566710812,"No",1,0,"other","Yes"
1097,NA,NA,"male",NA,0,0,"F.C. 12998",25.7417,"U","C",NA,"Omont","Mr",1,"1Omont",NA,"F.C. 129xx",1,1,"solo",25.7417,28.875,"[10.52, 26.39)",NA,"No",1,0,"other","Yes"
1098,NA,"3","female",35,0,0,"9232",7.75,"U","Q","P3Female","McGowan","Miss",1,"1McGowan",NA,"92xx",1,1,"solo",7.75,7.75,"[ 7.28,  7.92)",24.4443208710542,"No",1,0,"other","Yes"
1099,NA,"2","male",24,0,0,"28034",10.5,"U","S","P2Male","Collett","Mr",1,"1Collett",NA,"280xx",1,1,"solo",10.5,12.35,"[ 7.92, 10.52)",33.313566710812,"No",1,0,"other","Yes"
1100,NA,"1","female",33,0,0,"PC 17613",27.7208,"A","C","P1Female","Rosenbaum","Miss",1,"1Rosenbaum",NA,"PC 176xx",1,1,"solo",27.7208,30,"[26.39,128.08]",31.3374443725031,"No",1,0,"other","Yes"
1101,NA,"3","male",25,0,0,"349250",7.8958,"U","S","P3Male","Delalic","Mr",1,"1Delalic",NA,"3492xx",1,1,"solo",7.8958,7.75,"[ 7.28,  7.92)",29.8474778255194,"No",1,0,"other","Yes"
1102,NA,"3","male",32,0,0,"C 4001",22.525,"U","S","P3Male","Andersen","Mr",1,"1Andersen",NA,"C 40xx",3,3,"group",7.50833333333333,7.75,"[ 7.28,  7.92)",26.4605279624181,"No",2,0,"other","Yes"
1103,NA,"3","male",29.8474778255194,0,0,"SOTON/O.Q. 3101308",7.05,"U","S","P3Male","Finoli","Mr",1,"1Finoli",NA,"SOTON/O.Q. 31013xx",1,1,"solo",7.05,7.75,"[ 3.17,  7.28)",29.8474778255194,"No",1,0,"other","Yes"
1104,NA,"2","male",17,0,0,"S.O.C. 14879",73.5,"U","S","P2Male","Deacon","Mr",1,"1Deacon",NA,"S.O.C. 148xx",7,7,"large group",10.5,12.35,"[ 7.92, 10.52)",32.1698250662536,"No",2,0,"other","Yes"
1105,NA,"2","female",60,1,0,"24065",26,"U","S","P2Female","Howard","Mrs",2,"2Howard",NA,"240xx",2,2,"duo",13,12.35,"[10.52, 26.39)",33.6373769239802,"No",2,0,"other","No"
1106,NA,"3","female",38,4,2,"347091",7.775,"U","S","P3Female","Andersson","Miss",7,"7Andersson",NA,"3470xx",1,7,"large group",7.775,7.75,"[ 7.28,  7.92)",13.1458597101459,"No",1,0,"other","No"
1107,NA,NA,"male",42,0,0,"113038",42.5,"B","S",NA,"Head","Mr",1,"1Head",NA,"1130xx",1,1,"solo",42.5,28.875,"[26.39,128.08]",NA,"No",1,0,"other","Yes"
1108,NA,"3","female",24.4443208710542,0,0,"330924",7.8792,"U","Q","P3Female","Mahon","Miss",1,"1Mahon",NA,"3309xx",1,1,"solo",7.8792,7.75,"[ 7.28,  7.92)",24.4443208710542,"No",1,0,"other","Yes"
1109,NA,NA,"male",57,1,1,"36928",164.8667,"U","S",NA,"Wick","Mr",3,"3Wick",NA,"369xx",4,4,"group",41.216675,28.875,"[26.39,128.08]",NA,"No",2,2,"survivors in group","No"
1110,NA,"1","female",50,1,1,"113503",211.5,"C","C","P1Female","Widener","Mrs",3,"3Widener",NA,"1135xx",5,5,"large group",42.3,30,"[26.39,128.08]",43.6056078659995,"No",4,0,"other","No"
1111,NA,"3","male",29.8474778255194,0,0,"32302",8.05,"U","S","P3Male","Thomson","Mr",1,"1Thomson",NA,"323xx",1,1,"solo",8.05,7.75,"[ 7.92, 10.52)",29.8474778255194,"No",1,0,"other","Yes"
1112,NA,"2","female",30,1,0,"SC/PARIS 2148",13.8583,"U","C","P2Female","Duran y More","Miss",2,"2Duran y More",NA,"SC/PARIS 21xx",1,2,"duo",13.8583,12.35,"[10.52, 26.39)",16.9507060717702,"No",1,0,"other","No"
1113,NA,"3","male",21,0,0,"342684",8.05,"U","S","P3Male","Reynolds","Mr",1,"1Reynolds",NA,"3426xx",1,1,"solo",8.05,7.75,"[ 7.92, 10.52)",29.8474778255194,"No",1,0,"other","Yes"
1114,NA,"2","female",22,0,0,"W./C. 14266",10.5,"F","S","P2Female","Cook","Mrs",1,"1Cook",NA,"W./C. 142xx",1,1,"solo",10.5,12.35,"[ 7.92, 10.52)",37.7146470133246,"No",1,0,"other","Yes"
1115,NA,"3","male",21,0,0,"350053",7.7958,"U","S","P3Male","Karlsson","Mr",2,"1Karlsson",NA,"3500xx",1,2,"duo",7.7958,7.75,"[ 7.28,  7.92)",27.0954133877119,"No",1,0,"other","Yes"
1116,NA,"1","female",53,0,0,"PC 17606",27.4458,"U","C","P1Female","Candee","Mrs",1,"1Candee",NA,"PC 176xx",1,1,"solo",27.4458,30,"[26.39,128.08]",46.0482296212909,"No",1,0,"other","Yes"
1117,NA,"3","female",28.9383737431165,0,2,"2661",15.2458,"U","C","P3Female","Moubarek","Mrs",3,"3Moubarek",NA,"26xx",3,3,"group",5.08193333333333,7.75,"[ 3.17,  7.28)",28.9383737431165,"No",1,2,"survivors in group","Yes"
1118,NA,"3","male",23,0,0,"350054",7.7958,"U","S","P3Male","Asplund","Mr",1,"1Asplund",NA,"3500xx",1,1,"solo",7.7958,7.75,"[ 7.28,  7.92)",29.8474778255194,"No",1,0,"other","Yes"
1119,NA,"3","female",24.4443208710542,0,0,"370368",7.75,"U","Q","P3Female","McNeill","Miss",1,"1McNeill",NA,"3703xx",1,1,"solo",7.75,7.75,"[ 7.28,  7.92)",24.4443208710542,"No",1,0,"other","Yes"
1120,NA,"3","male",40.5,0,0,"C.A. 6212",15.1,"U","S","P3Male","Everett","Mr",1,"1Everett",NA,"C.A. 62xx",2,2,"duo",7.55,7.75,"[ 7.28,  7.92)",27.0954133877119,"No",1,0,"other","Yes"
1121,NA,"2","male",36,0,0,"242963",13,"U","S","P2Male","Hocking","Mr",1,"1Hocking",NA,"2429xx",1,1,"solo",13,12.35,"[10.52, 26.39)",33.313566710812,"No",1,0,"other","Yes"
1122,NA,"2","male",14,0,0,"220845",65,"U","S","P2Male","Sweet","Mr",1,"1Sweet",NA,"2208xx",5,5,"large group",13,12.35,"[10.52, 26.39)",32.1698250662536,"Yes",3,2,"survivors in group","Yes"
1123,NA,"1","female",21,0,0,"113795",26.55,"U","S","P1Female","Willard","Miss",1,"1Willard",NA,"1137xx",1,1,"solo",26.55,30,"[26.39,128.08]",33.3133299759253,"No",1,0,"other","Yes"
1124,NA,"3","male",21,1,0,"3101266",6.4958,"U","S","P3Male","Wiklund","Mr",2,"2Wiklund",NA,"31012xx",1,2,"duo",6.4958,7.75,"[ 3.17,  7.28)",25.770207736175,"No",1,0,"other","No"
1125,NA,"3","male",34.7540258173294,0,0,"330971",7.8792,"U","Q","P3Male","Linehan","Mr",1,"1Linehan",NA,"3309xx",1,1,"solo",7.8792,7.75,"[ 7.28,  7.92)",34.7540258173294,"No",1,0,"other","Yes"
1126,NA,NA,"male",39,1,0,"PC 17599",71.2833,"C","C",NA,"Cumings","Mr",2,"2Cumings",NA,"PC 175xx",2,2,"duo",35.64165,28.875,"[26.39,128.08]",NA,"No",1,1,"survivors in group","No"
1127,NA,"3","male",20,0,0,"350416",7.8542,"U","S","P3Male","Vendel","Mr",1,"1Vendel",NA,"3504xx",1,1,"solo",7.8542,7.75,"[ 7.28,  7.92)",29.8474778255194,"No",1,0,"other","Yes"
1128,NA,NA,"male",64,1,0,"110813",75.25,"D","C",NA,"Warren","Mr",2,"2Warren",NA,"1108xx",2,2,"duo",37.625,28.875,"[26.39,128.08]",NA,"No",1,1,"survivors in group","No"
1129,NA,"3","male",20,0,0,"2679",7.225,"U","C","P3Male","Baccos","Mr",1,"1Baccos",NA,"26xx",1,1,"solo",7.225,7.75,"[ 3.17,  7.28)",27.8715922220972,"No",1,0,"other","Yes"
1130,NA,"2","female",18,1,1,"250650",13,"U","S","P2Female","Hiltunen","Miss",3,"3Hiltunen",NA,"2506xx",1,3,"group",13,12.35,"[10.52, 26.39)",18.3180317907026,"No",1,0,"other","No"
1131,NA,"1","female",48,1,0,"PC 17761",106.425,"C","C","P1Female","Douglas","Mrs",2,"2Douglas",NA,"PC 177xx",3,3,"group",35.475,30,"[26.39,128.08]",41.3360741066527,"No",1,1,"survivors in group","No"
1132,NA,"1","female",55,0,0,"112377",27.7208,"U","C","P1Female","Lindstrom","Mrs",1,"1Lindstrom",NA,"1123xx",1,1,"solo",27.7208,30,"[26.39,128.08]",46.0482296212909,"No",1,0,"other","Yes"
1133,NA,"2","female",45,0,2,"237789",30,"U","S","P2Female","Christy","Mrs",3,"3Christy",3,"2377xx",2,3,"group",15,12.35,"[10.52, 26.39)",34.3803482318313,"No",1,1,"survivors in group","Yes"
1134,NA,NA,"male",45,1,1,"16966",134.5,"E","C",NA,"Spedden","Mr",3,"3Spedden",NA,"169xx",5,5,"large group",26.9,28.875,"[26.39,128.08]",NA,"No",3,2,"survivors in group","No"
1135,NA,"3","male",29.8474778255194,0,0,"3470",7.8875,"U","S","P3Male","Hyman","Mr",1,"1Hyman",NA,"34xx",1,1,"solo",7.8875,7.75,"[ 7.28,  7.92)",29.8474778255194,"No",1,0,"other","Yes"
1136,NA,"3","male",4.74219830947858,1,2,"W./C. 6607",23.45,"U","S","P3Male","Johnston","Master",4,"4Johnston",NA,"W./C. 66xx",4,4,"group",5.8625,7.75,"[ 3.17,  7.28)",4.74219830947858,"No",2,0,"other","No"
1137,NA,NA,"male",41,1,0,"17464",51.8625,"D","S",NA,"Kenyon","Mr",2,"2Kenyon",NA,"174xx",2,2,"duo",25.93125,28.875,"[10.52, 26.39)",NA,"No",1,1,"survivors in group","No"
1138,NA,"2","female",22,0,0,"F.C.C. 13534",21,"U","S","P2Female","Karnes","Mrs",1,"1Karnes",NA,"F.C.C. 135xx",2,2,"duo",10.5,12.35,"[ 7.92, 10.52)",34.9625825755171,"No",2,0,"other","Yes"
1139,NA,"2","male",42,1,1,"28220",32.5,"U","S","P2Male","Drew","Mr",3,"3Drew",NA,"282xx",3,3,"group",10.8333333333333,12.35,"[10.52, 26.39)",28.6277367369778,"No",2,1,"survivors in group","No"
1140,NA,"2","female",29,1,0,"26707",26,"U","S","P2Female","Hold","Mrs",2,"2Hold",NA,"267xx",2,2,"duo",13,12.35,"[10.52, 26.39)",33.6373769239802,"No",1,0,"other","No"
1141,NA,"3","female",28.1954024352654,1,0,"2660",14.4542,"U","C","P3Female","Khalil","Mrs",2,"2Khalil",NA,"26xx",2,2,"duo",7.2271,7.75,"[ 3.17,  7.28)",28.1954024352654,"No",2,0,"other","No"
1142,NA,"2","female",0.92,1,2,"C.A. 34651",27.75,"U","S","P2Female","West","Miss",4,"4West",NA,"C.A. 346xx",4,4,"group",6.9375,12.35,"[ 3.17,  7.28)",18.3443573315066,"Yes",1,2,"survivors in group","No"
1143,NA,"3","male",20,0,0,"SOTON/O2 3101284",7.925,"U","S","P3Male","Abrahamsson","Mr",1,"1Abrahamsson",NA,"SOTON/O2 31012xx",1,1,"solo",7.925,7.75,"[ 7.92, 10.52)",29.8474778255194,"No",1,0,"other","Yes"
1144,NA,NA,"male",27,1,0,"13508",136.7792,"C","C",NA,"Clark","Mr",2,"2Clark",NA,"135xx",2,2,"duo",68.3896,28.875,"[26.39,128.08]",NA,"No",2,0,"other","No"
1145,NA,"3","male",24,0,0,"7266",9.325,"U","S","P3Male","Salander","Mr",1,"1Salander",NA,"72xx",1,1,"solo",9.325,7.75,"[ 7.92, 10.52)",29.8474778255194,"No",1,0,"other","Yes"
1146,NA,"3","male",32.5,0,0,"345775",9.5,"U","S","P3Male","Wenzel","Mr",1,"1Wenzel",NA,"3457xx",1,1,"solo",9.5,7.75,"[ 7.92, 10.52)",29.8474778255194,"No",1,0,"other","Yes"
1147,NA,"3","male",29.8474778255194,0,0,"C.A. 42795",7.55,"U","S","P3Male","MacKay","Mr",1,"1MacKay",NA,"C.A. 427xx",1,1,"solo",7.55,7.75,"[ 7.28,  7.92)",29.8474778255194,"No",1,0,"other","Yes"
1148,NA,"3","male",34.7540258173294,0,0,"AQ/4 3130",7.75,"U","Q","P3Male","Mahon","Mr",1,"1Mahon",NA,"AQ/4 31xx",1,1,"solo",7.75,7.75,"[ 7.28,  7.92)",34.7540258173294,"No",1,0,"other","Yes"
1149,NA,"3","male",28,0,0,"363611",8.05,"U","S","P3Male","Niklasson","Mr",1,"1Niklasson",NA,"3636xx",1,1,"solo",8.05,7.75,"[ 7.92, 10.52)",29.8474778255194,"No",1,0,"other","Yes"
1150,NA,"2","female",19,0,0,"28404",13,"U","S","P2Female","Bentham","Miss",1,"1Bentham",NA,"284xx",1,1,"solo",13,12.35,"[10.52, 26.39)",23.0038617645368,"No",1,0,"other","Yes"
1151,NA,"3","male",21,0,0,"345501",7.775,"U","S","P3Male","Midtsjo","Mr",1,"1Midtsjo",NA,"3455xx",1,1,"solo",7.775,7.75,"[ 7.28,  7.92)",29.8474778255194,"No",1,0,"other","Yes"
1152,NA,"3","male",36.5,1,0,"345572",17.4,"U","S","P3Male","de Messemaeker","Mr",2,"2de Messemaeker",NA,"3455xx",2,2,"duo",8.7,7.75,"[ 7.92, 10.52)",25.770207736175,"No",1,1,"survivors in group","No"
1153,NA,"3","male",21,0,0,"350410",7.8542,"U","S","P3Male","Nilsson","Mr",1,"1Nilsson",NA,"3504xx",1,1,"solo",7.8542,7.75,"[ 7.28,  7.92)",29.8474778255194,"No",1,0,"other","Yes"
1154,NA,"2","female",29,0,2,"29103",23,"U","S","P2Female","Wells","Mrs",3,"3Wells",NA,"291xx",3,3,"group",7.66666666666667,12.35,"[ 7.28,  7.92)",34.3803482318313,"No",2,1,"survivors in group","Yes"
1155,NA,"3","female",1,1,1,"350405",12.1833,"U","S","P3Female","Klasen","Miss",3,"3Klasen",NA,"3504xx",2,3,"group",6.09165,7.75,"[ 3.17,  7.28)",14.85194290541,"No",2,0,"other","No"
1156,NA,"2","male",30,0,0,"C.A. 34644",12.7375,"U","C","P2Male","Portaluppi","Mr",1,"1Portaluppi",NA,"C.A. 346xx",1,1,"solo",12.7375,12.35,"[10.52, 26.39)",31.3376811073898,"No",1,0,"other","Yes"
1157,NA,"3","male",29.8474778255194,0,0,"349235",7.8958,"U","S","P3Male","Lyntakoff","Mr",1,"1Lyntakoff",NA,"3492xx",1,1,"solo",7.8958,7.75,"[ 7.28,  7.92)",29.8474778255194,"No",1,0,"other","Yes"
1158,NA,NA,"male",NA,0,0,"112051",0,"U","S",NA,"Chisholm","Mr",1,"1Chisholm",NA,"1120xx",1,1,"solo",28.875,28.875,"[26.39,128.08]",NA,"No",1,0,"other","Yes"
1159,NA,"3","male",29.8474778255194,0,0,"C.A. 49867",7.55,"U","S","P3Male","Warren","Mr",1,"1Warren",NA,"C.A. 498xx",1,1,"solo",7.55,7.75,"[ 7.28,  7.92)",29.8474778255194,"No",1,0,"other","Yes"
1160,NA,"3","female",19.5377728792442,0,0,"A. 2. 39186",8.05,"U","S","P3Female","Howard","Miss",1,"1Howard",NA,"A. 2. 391xx",1,1,"solo",8.05,7.75,"[ 7.92, 10.52)",19.5377728792442,"No",1,0,"other","Yes"
1161,NA,"3","male",17,0,0,"315095",8.6625,"U","S","P3Male","Pokrnic","Mr",2,"1Pokrnic",NA,"3150xx",1,2,"duo",8.6625,7.75,"[ 7.92, 10.52)",27.0954133877119,"No",1,0,"other","Yes"
1162,NA,NA,"male",46,0,0,"13050",75.2417,"C","C",NA,"McCaffry","Mr",1,"1McCaffry",NA,"130xx",2,2,"duo",37.62085,28.875,"[26.39,128.08]",NA,"No",2,0,"other","Yes"
1163,NA,"3","male",34.7540258173294,0,0,"368573",7.75,"U","Q","P3Male","Fox","Mr",1,"1Fox",NA,"3685xx",1,1,"solo",7.75,7.75,"[ 7.28,  7.92)",34.7540258173294,"No",1,0,"other","Yes"
1164,NA,"1","female",26,1,0,"13508",136.7792,"C","C","P1Female","Clark","Mrs",2,"2Clark",NA,"135xx",2,2,"duo",68.3896,30,"[26.39,128.08]",41.9709595319465,"No",2,0,"other","No"
1165,NA,"3","female",20.3670507817097,1,0,"370371",15.5,"U","Q","P3Female","Lennon","Miss",2,"2Lennon",NA,"3703xx",2,2,"duo",7.75,7.75,"[ 7.28,  7.92)",20.3670507817097,"No",1,0,"other","No"
1166,NA,"3","male",27.8715922220972,0,0,"2676",7.225,"U","C","P3Male","Saade","Mr",1,"1Saade",NA,"26xx",1,1,"solo",7.225,7.75,"[ 3.17,  7.28)",27.8715922220972,"No",1,0,"other","Yes"
1167,NA,"2","female",20,1,0,"236853",26,"U","S","P2Female","Bryhl","Miss",2,"2Bryhl",NA,"2368xx",2,2,"duo",13,12.35,"[10.52, 26.39)",18.9265916751924,"No",1,0,"other","No"
1168,NA,"2","male",28,0,0,"SC 14888",10.5,"U","S","P2Male","Parker","Mr",1,"1Parker",NA,"SC 148xx",1,1,"solo",10.5,12.35,"[ 7.92, 10.52)",33.313566710812,"No",1,0,"other","Yes"
1169,NA,"2","male",40,1,0,"2926",26,"U","S","P2Male","Faunthorpe","Mr",2,"2Faunthorpe",NA,"29xx",2,2,"duo",13,12.35,"[10.52, 26.39)",29.2362966214676,"No",1,1,"survivors in group","No"
1170,NA,"2","male",30,1,0,"CA 31352",21,"U","S","P2Male","Ware","Mr",2,"2Ware",NA,"CA 313xx",2,2,"duo",10.5,12.35,"[ 7.92, 10.52)",29.2362966214676,"No",2,0,"other","No"
1171,NA,"2","male",22,0,0,"W./C. 14260",10.5,"U","S","P2Male","Oxenham","Mr",1,"1Oxenham",NA,"W./C. 142xx",1,1,"solo",10.5,12.35,"[ 7.92, 10.52)",33.313566710812,"No",1,0,"other","Yes"
1172,NA,"3","female",23,0,0,"315085",8.6625,"U","S","P3Female","Oreskovic","Miss",3,"1Oreskovic",NA,"3150xx",1,3,"group",8.6625,7.75,"[ 7.92, 10.52)",16.1508230161429,"No",1,0,"other","Yes"
1173,NA,"3","male",0.75,1,1,"SOTON/O.Q. 3101315",13.775,"U","S","P3Male","Peacock","Master",3,"3Peacock",NA,"SOTON/O.Q. 31013xx",3,3,"group",4.59166666666667,7.75,"[ 3.17,  7.28)",4.71587276867457,"No",3,0,"other","No"
1174,NA,"3","female",24.4443208710542,0,0,"364859",7.75,"U","Q","P3Female","Fleming","Miss",1,"1Fleming",NA,"3648xx",1,1,"solo",7.75,7.75,"[ 7.28,  7.92)",24.4443208710542,"No",1,0,"other","Yes"
1175,NA,"3","female",9,1,1,"2650",15.2458,"U","C","P3Female","Touma","Miss",3,"3Touma",NA,"26xx",3,3,"group",5.08193333333333,7.75,"[ 3.17,  7.28)",12.8760573019878,"No",2,1,"survivors in group","No"
1176,NA,"3","female",2,1,1,"370129",20.2125,"U","S","P3Female","Rosblom","Miss",3,"3Rosblom",NA,"3701xx",3,3,"group",6.7375,7.75,"[ 3.17,  7.28)",14.85194290541,"No",1,0,"other","No"
1177,NA,"3","male",36,0,0,"A/5 21175",7.25,"U","S","P3Male","Dennis","Mr",2,"1Dennis",NA,"A/5 211xx",1,2,"duo",7.25,7.75,"[ 3.17,  7.28)",27.0954133877119,"No",1,0,"other","Yes"
1178,NA,"3","male",29.8474778255194,0,0,"SOTON/O.Q. 3101314",7.25,"U","S","P3Male","Franklin","Mr",1,"1Franklin",NA,"SOTON/O.Q. 31013xx",1,1,"solo",7.25,7.75,"[ 3.17,  7.28)",29.8474778255194,"No",1,0,"other","Yes"
1179,NA,NA,"male",24,1,0,"21228",82.2667,"B","S",NA,"Snyder","Mr",2,"2Snyder",NA,"212xx",2,2,"duo",41.13335,28.875,"[26.39,128.08]",NA,"No",2,0,"other","No"
1180,NA,"3","male",27.8715922220972,0,0,"2655",7.2292,"F","C","P3Male","Mardirosian","Mr",1,"1Mardirosian",NA,"26xx",1,1,"solo",7.2292,7.75,"[ 3.17,  7.28)",27.8715922220972,"No",1,0,"other","Yes"
1181,NA,"3","male",29.8474778255194,0,0,"A/5 1478",8.05,"U","S","P3Male","Ford","Mr",1,"1Ford",NA,"A/5 14xx",1,1,"solo",8.05,7.75,"[ 7.92, 10.52)",29.8474778255194,"No",1,0,"other","Yes"
1182,NA,NA,"male",NA,0,0,"PC 17607",39.6,"U","S",NA,"Rheims","Mr",1,"1Rheims",NA,"PC 176xx",1,1,"solo",39.6,28.875,"[26.39,128.08]",NA,"No",1,0,"other","Yes"
1183,NA,"3","female",30,0,0,"382650",6.95,"U","Q","P3Female","Daly","Miss",2,"1Daly",NA,"3826xx",1,2,"duo",6.95,7.75,"[ 3.17,  7.28)",21.6922564332467,"No",1,0,"other","Yes"
1184,NA,"3","male",27.8715922220972,0,0,"2652",7.2292,"U","C","P3Male","Nasr","Mr",1,"1Nasr",NA,"26xx",1,1,"solo",7.2292,7.75,"[ 3.17,  7.28)",27.8715922220972,"No",1,0,"other","Yes"
1185,NA,NA,"male",53,1,1,"33638",81.8583,"A","S",NA,"Dodge","Rare Title",3,"3Dodge",NA,"336xx",3,3,"group",27.2861,28.875,"[26.39,128.08]",NA,"No",2,1,"survivors in group","No"
1186,NA,"3","male",36,0,0,"345771",9.5,"U","S","P3Male","Wittevrongel","Mr",1,"1Wittevrongel",NA,"3457xx",1,1,"solo",9.5,7.75,"[ 7.92, 10.52)",29.8474778255194,"No",1,0,"other","Yes"
1187,NA,"3","male",26,0,0,"349202",7.8958,"U","S","P3Male","Angheloff","Mr",1,"1Angheloff",NA,"3492xx",1,1,"solo",7.8958,7.75,"[ 7.28,  7.92)",29.8474778255194,"No",1,0,"other","Yes"
1188,NA,"2","female",1,1,2,"SC/Paris 2123",41.5792,"U","C","P2Female","Laroche","Miss",4,"4Laroche",NA,"SC/Paris 21xx",4,4,"group",10.3948,12.35,"[ 7.92, 10.52)",16.3684717280844,"Yes",1,2,"survivors in group","No"
1189,NA,"3","male",21.8342310559221,2,0,"2662",21.6792,"U","C","P3Male","Samaan","Mr",3,"3Samaan",NA,"26xx",3,3,"group",7.2264,7.75,"[ 3.17,  7.28)",21.8342310559221,"No",2,0,"other","No"
1190,NA,NA,"male",30,0,0,"113801",45.5,"U","S",NA,"Loring","Mr",1,"1Loring",NA,"1138xx",1,1,"solo",45.5,28.875,"[26.39,128.08]",NA,"No",1,0,"other","Yes"
1191,NA,"3","male",29,0,0,"347467",7.8542,"U","S","P3Male","Johansson","Mr",1,"1Johansson",NA,"3474xx",1,1,"solo",7.8542,7.75,"[ 7.28,  7.92)",29.8474778255194,"No",1,0,"other","Yes"
1192,NA,"3","male",32,0,0,"347079",7.775,"U","S","P3Male","Olsson","Mr",1,"1Olsson",NA,"3470xx",1,1,"solo",7.775,7.75,"[ 7.28,  7.92)",29.8474778255194,"No",1,0,"other","Yes"
1193,NA,"2","male",31.3376811073898,0,0,"237735",15.0458,"D","C","P2Male","Malachard","Mr",1,"1Malachard",NA,"2377xx",1,1,"solo",15.0458,12.35,"[10.52, 26.39)",31.3376811073898,"No",1,0,"other","Yes"
1194,NA,"2","male",43,0,1,"S.O./P.P. 2",21,"U","S","P2Male","Phillips","Mr",2,"2Phillips",NA,"S.O./P.P.xx",2,2,"duo",10.5,12.35,"[ 7.92, 10.52)",30.5878278138086,"No",2,0,"other","Yes"
1195,NA,"3","male",24,0,0,"315092",8.6625,"U","S","P3Male","Pokrnic","Mr",2,"1Pokrnic",NA,"3150xx",1,2,"duo",8.6625,7.75,"[ 7.92, 10.52)",27.0954133877119,"No",1,0,"other","Yes"
1196,NA,"3","female",24.4443208710542,0,0,"383123",7.75,"U","Q","P3Female","McCarthy","Miss",1,"1McCarthy",NA,"3831xx",1,1,"solo",7.75,7.75,"[ 7.28,  7.92)",24.4443208710542,"No",1,0,"other","Yes"
1197,NA,"1","female",64,1,1,"112901",26.55,"B","S","P1Female","Crosby","Mrs",3,"3Crosby",NA,"1129xx",1,3,"group",26.55,30,"[26.39,128.08]",43.3382852508789,"No",1,0,"other","No"
1198,NA,NA,"male",30,1,2,"113781",151.55,"C","S",NA,"Allison","Mr",4,"4Allison",NA,"1137xx",6,6,"large group",25.2583333333333,28.875,"[10.52, 26.39)",NA,"No",2,2,"survivors in group","No"
1199,NA,"3","male",0.83,0,1,"392091",9.35,"U","S","P3Male","Aks","Master",2,"2Aks",NA,"3920xx",2,2,"duo",4.675,7.75,"[ 3.17,  7.28)",6.6759638455053,"No",1,1,"survivors in group","Yes"
1200,NA,NA,"male",55,1,1,"12749",93.5,"B","S",NA,"Hays","Mr",3,"3Hays",3,"127xx",4,4,"group",23.375,28.875,"[10.52, 26.39)",NA,"No",2,2,"survivors in group","No"
1201,NA,"3","female",45,1,0,"350026",14.1083,"U","S","P3Female","Hansen","Mrs",2,"2Hansen",NA,"3500xx",2,2,"duo",7.05415,7.75,"[ 3.17,  7.28)",30.1712880386875,"No",1,0,"other","No"
1202,NA,"3","male",18,0,0,"315091",8.6625,"U","S","P3Male","Cacic","Mr",4,"1Cacic",NA,"3150xx",1,4,"group",8.6625,7.75,"[ 7.92, 10.52)",26.4605279624181,"No",1,0,"other","Yes"
1203,NA,"3","male",22,0,0,"2658",7.225,"U","C","P3Male","Vartanian","Mr",1,"1Vartanian",NA,"26xx",1,1,"solo",7.225,7.75,"[ 3.17,  7.28)",27.8715922220972,"No",1,0,"other","Yes"
1204,NA,"3","male",29.8474778255194,0,0,"LP 1588",7.575,"U","S","P3Male","Sadowitz","Mr",1,"1Sadowitz",NA,"LP 15xx",1,1,"solo",7.575,7.75,"[ 7.28,  7.92)",29.8474778255194,"No",1,0,"other","Yes"
1205,NA,"3","female",37,0,0,"368364",7.75,"U","Q","P3Female","Carr","Miss",1,"1Carr",NA,"3683xx",1,1,"solo",7.75,7.75,"[ 7.28,  7.92)",24.4443208710542,"No",1,0,"other","Yes"
1206,NA,"1","female",55,0,0,"PC 17760",135.6333,"C","C","P1Female","White","Mrs",1,"1White",NA,"PC 177xx",4,4,"group",33.908325,30,"[26.39,128.08]",42.6612797581897,"No",1,2,"survivors in group","Yes"
1207,NA,"3","female",17,0,0,"AQ/3. 30631",7.7333,"U","Q","P3Female","Hagardon","Miss",1,"1Hagardon",NA,"AQ/3. 306xx",1,1,"solo",7.7333,7.75,"[ 7.28,  7.92)",24.4443208710542,"No",1,0,"other","Yes"
1208,NA,NA,"male",57,1,0,"PC 17569",146.5208,"B","C",NA,"Spencer","Mr",2,"2Spencer",NA,"PC 175xx",3,3,"group",48.8402666666667,28.875,"[26.39,128.08]",NA,"No",1,2,"survivors in group","No"
1209,NA,"2","male",19,0,0,"28004",10.5,"U","S","P2Male","Rogers","Mr",1,"1Rogers",NA,"280xx",1,1,"solo",10.5,12.35,"[ 7.92, 10.52)",33.313566710812,"No",1,0,"other","Yes"
1210,NA,"3","male",27,0,0,"350408",7.8542,"U","S","P3Male","Jonsson","Mr",2,"1Jonsson",NA,"3504xx",1,2,"duo",7.8542,7.75,"[ 7.28,  7.92)",27.0954133877119,"No",1,0,"other","Yes"
1211,NA,"2","male",22,2,0,"C.A. 31029",31.5,"U","S","P2Male","Jefferys","Mr",3,"3Jefferys",3,"C.A. 310xx",3,3,"group",10.5,12.35,"[ 7.92, 10.52)",27.2762055446369,"No",3,0,"other","No"
1212,NA,"3","male",26,0,0,"347075",7.775,"U","S","P3Male","Andersson","Mr",1,"1Andersson",NA,"3470xx",1,1,"solo",7.775,7.75,"[ 7.28,  7.92)",29.8474778255194,"No",1,0,"other","Yes"
1213,NA,"3","male",25,0,0,"2654",7.2292,"F","C","P3Male","Krekorian","Mr",1,"1Krekorian",NA,"26xx",1,1,"solo",7.2292,7.75,"[ 3.17,  7.28)",27.8715922220972,"No",1,0,"other","Yes"
1214,NA,"2","male",26,0,0,"244368",13,"F","S","P2Male","Nesson","Mr",1,"1Nesson",NA,"2443xx",1,1,"solo",13,12.35,"[10.52, 26.39)",33.313566710812,"No",1,0,"other","Yes"
1215,NA,NA,"male",33,0,0,"113790",26.55,"U","S",NA,"Rowe","Mr",1,"1Rowe",NA,"1137xx",1,1,"solo",26.55,28.875,"[26.39,128.08]",NA,"No",1,0,"other","Yes"
1216,NA,"1","female",39,0,0,"24160",211.3375,"U","S","P1Female","Kreuchen","Miss",1,"1Kreuchen",NA,"241xx",4,4,"group",52.834375,30,"[26.39,128.08]",29.926380112824,"No",1,3,"survivors in group","Yes"
1217,NA,"3","male",23,0,0,"SOTON/O.Q. 3101309",7.05,"U","S","P3Male","Assam","Mr",1,"1Assam",NA,"SOTON/O.Q. 31013xx",1,1,"solo",7.05,7.75,"[ 3.17,  7.28)",29.8474778255194,"No",1,0,"other","Yes"
1218,NA,"2","female",12,2,1,"230136",39,"F","S","P2Female","Becker","Miss",4,"4Becker",NA,"2301xx",4,4,"group",9.75,12.35,"[ 7.92, 10.52)",16.9928261391656,"Yes",2,2,"survivors in group","No"
1219,NA,NA,"male",46,0,0,"PC 17585",79.2,"U","C",NA,"Rosenshine","Mr",1,"1Rosenshine",NA,"PC 175xx",2,2,"duo",39.6,28.875,"[26.39,128.08]",NA,"No",1,1,"survivors in group","Yes"
1220,NA,"2","male",29,1,0,"2003",26,"U","S","P2Male","Clarke","Mr",2,"2Clarke",NA,"20xx",2,2,"duo",13,12.35,"[10.52, 26.39)",29.2362966214676,"No",1,1,"survivors in group","No"
1221,NA,"2","male",21,0,0,"236854",13,"U","S","P2Male","Enander","Mr",1,"1Enander",NA,"2368xx",1,1,"solo",13,12.35,"[10.52, 26.39)",33.313566710812,"No",1,0,"other","Yes"
1222,NA,"2","female",48,0,1,"C.A. 33112",36.75,"U","S","P2Female","Davies","Mrs",2,"2Davies",NA,"C.A. 331xx",4,4,"group",9.1875,12.35,"[ 7.92, 10.52)",34.3540226910273,"No",2,1,"survivors in group","Yes"
1223,NA,NA,"male",39,0,0,"PC 17580",29.7,"A","C",NA,"Dulles","Mr",1,"1Dulles",NA,"PC 175xx",1,1,"solo",29.7,28.875,"[26.39,128.08]",NA,"No",1,0,"other","Yes"
1224,NA,"3","male",25.1195277842898,0,0,"2684",7.225,"U","C","P3Male","Thomas","Mr",2,"1Thomas",NA,"26xx",1,2,"duo",7.225,7.75,"[ 3.17,  7.28)",25.1195277842898,"No",1,0,"other","Yes"
1225,NA,"3","female",19,1,1,"2653",15.7417,"U","C","P3Female","Nakid","Mrs",3,"3Nakid",NA,"26xx",3,3,"group",5.24723333333333,7.75,"[ 3.17,  7.28)",27.5868425507756,"No",1,2,"survivors in group","No"
1226,NA,"3","male",27,0,0,"349229",7.8958,"U","S","P3Male","Cor","Mr",3,"1Cor",NA,"3492xx",1,3,"group",7.8958,7.75,"[ 7.28,  7.92)",26.4605279624181,"No",1,0,"other","Yes"
1227,NA,NA,"male",30,0,0,"110469",26,"C","S",NA,"Maguire","Mr",1,"1Maguire",NA,"1104xx",1,1,"solo",26,28.875,"[10.52, 26.39)",NA,"No",1,0,"other","Yes"
1228,NA,"2","male",32,0,0,"244360",13,"U","S","P2Male","de Brito","Mr",1,"1de Brito",NA,"2443xx",1,1,"solo",13,12.35,"[10.52, 26.39)",33.313566710812,"No",1,0,"other","Yes"
1229,NA,"3","male",39,0,2,"2675",7.2292,"U","C","P3Male","Elias","Mr",3,"3Elias",NA,"26xx",1,3,"group",7.2292,7.75,"[ 3.17,  7.28)",24.537293440604,"No",1,0,"other","Yes"
1230,NA,"2","male",25,0,0,"C.A. 31029",31.5,"U","S","P2Male","Denbury","Mr",1,"1Denbury",NA,"C.A. 310xx",3,3,"group",10.5,12.35,"[ 7.92, 10.52)",29.9266168477108,"No",3,0,"other","Yes"
1231,NA,"3","male",4.67375270127912,0,0,"2622",7.2292,"U","C","P3Male","Betros","Master",2,"1Betros",NA,"26xx",1,2,"duo",7.2292,7.75,"[ 3.17,  7.28)",4.67375270127912,"No",1,0,"other","Yes"
1232,NA,"2","male",18,0,0,"C.A. 15185",10.5,"U","S","P2Male","Fillbrook","Mr",1,"1Fillbrook",NA,"C.A. 151xx",1,1,"solo",10.5,12.35,"[ 7.92, 10.52)",33.313566710812,"No",1,0,"other","Yes"
1233,NA,"3","male",32,0,0,"350403",7.5792,"U","S","P3Male","Lundstrom","Mr",1,"1Lundstrom",NA,"3504xx",1,1,"solo",7.5792,7.75,"[ 7.28,  7.92)",29.8474778255194,"No",1,0,"other","Yes"
1234,NA,"3","male",27.6154603966601,1,9,"CA. 2343",69.55,"U","S","P3Male","Sage","Mr",11,"11Sage",NA,"CA. 23xx",11,11,"large group",6.32272727272727,7.75,"[ 3.17,  7.28)",27.6154603966601,"No",4,0,"other","No"
1235,NA,"1","female",58,0,1,"PC 17755",512.3292,"B","C","P1Female","Cardeza","Mrs",2,"2Cardeza",NA,"PC 177xx",4,4,"group",128.0823,30,"[26.39,128.08]",42.6876052989937,"No",1,3,"survivors in group","Yes"
1236,NA,"3","male",4.71587276867457,1,1,"A/5. 851",14.5,"U","S","P3Male","van Billiard","Master",3,"3van Billiard",NA,"A/5. 8xx",3,3,"group",4.83333333333333,7.75,"[ 3.17,  7.28)",4.71587276867457,"No",2,0,"other","No"
1237,NA,"3","female",16,0,0,"348125",7.65,"U","S","P3Female","Abelseth","Miss",2,"1Abelseth",NA,"3481xx",1,2,"duo",7.65,7.75,"[ 7.28,  7.92)",16.7857084414367,"No",1,0,"other","Yes"
1238,NA,"2","male",26,0,0,"237670",13,"U","S","P2Male","Botsford","Mr",1,"1Botsford",NA,"2376xx",1,1,"solo",13,12.35,"[10.52, 26.39)",33.313566710812,"No",1,0,"other","Yes"
1239,NA,"3","female",38,0,0,"2688",7.2292,"U","C","P3Female","Whabee","Mrs",1,"1Whabee",NA,"26xx",1,1,"solo",7.2292,7.75,"[ 3.17,  7.28)",32.2726725246098,"No",1,0,"other","Yes"
1240,NA,"2","male",24,0,0,"248726",13.5,"U","S","P2Male","Giles","Mr",1,"1Giles",NA,"2487xx",1,1,"solo",13.5,12.35,"[10.52, 26.39)",33.313566710812,"No",1,0,"other","Yes"
1241,NA,"2","female",31,0,0,"F.C.C. 13528",21,"U","S","P2Female","Walcroft","Miss",1,"1Walcroft",NA,"F.C.C. 135xx",2,2,"duo",10.5,12.35,"[ 7.92, 10.52)",20.2517973267293,"No",1,1,"survivors in group","Yes"
1242,NA,"1","female",45,0,1,"PC 17759",63.3583,"D","C","P1Female","Greenfield","Mrs",2,"2Greenfield",NA,"PC 177xx",2,2,"duo",31.67915,30,"[26.39,128.08]",43.3224907242875,"No",1,1,"survivors in group","Yes"
1243,NA,"2","male",25,0,0,"F.C.C. 13540",10.5,"U","S","P2Male","Stokes","Mr",1,"1Stokes",NA,"F.C.C. 135xx",1,1,"solo",10.5,12.35,"[ 7.92, 10.52)",33.313566710812,"No",1,0,"other","Yes"
1244,NA,"2","male",18,0,0,"S.O.C. 14879",73.5,"U","S","P2Male","Dibden","Mr",1,"1Dibden",NA,"S.O.C. 148xx",7,7,"large group",10.5,12.35,"[ 7.92, 10.52)",32.1698250662536,"No",2,0,"other","Yes"
1245,NA,"2","male",49,1,2,"220845",65,"U","S","P2Male","Herman","Mr",4,"4Herman",NA,"2208xx",5,5,"large group",13,12.35,"[10.52, 26.39)",30.8972704963246,"No",3,2,"survivors in group","No"
1246,NA,"3","female",0.17,1,2,"C.A. 2315",20.575,"U","S","P3Female","Dean","Miss",4,"4Dean",NA,"C.A. 23xx",4,4,"group",5.14375,7.75,"[ 3.17,  7.28)",14.878268446214,"No",2,1,"survivors in group","No"
1247,NA,NA,"male",50,0,0,"113044",26,"E","S",NA,"Julian","Mr",1,"1Julian",NA,"1130xx",1,1,"solo",26,28.875,"[10.52, 26.39)",NA,"No",1,0,"other","Yes"
1248,NA,"1","female",59,2,0,"11769",51.4792,"C","S","P1Female","Brown","Mrs",3,"3Brown",NA,"117xx",2,3,"group",25.7396,30,"[10.52, 26.39)",41.986754058538,"No",1,1,"survivors in group","No"
1249,NA,"3","male",29.8474778255194,0,0,"1222",7.8792,"U","S","P3Male","Lockyer","Mr",1,"1Lockyer",NA,"12xx",1,1,"solo",7.8792,7.75,"[ 7.28,  7.92)",29.8474778255194,"No",1,0,"other","Yes"
1250,NA,"3","male",34.7540258173294,0,0,"368402",7.75,"U","Q","P3Male","O'Keefe","Mr",1,"1O'Keefe",NA,"3684xx",1,1,"solo",7.75,7.75,"[ 7.28,  7.92)",34.7540258173294,"No",1,0,"other","Yes"
1251,NA,"3","female",30,1,0,"349910",15.55,"U","S","P3Female","Lindell","Mrs",2,"2Lindell",NA,"3499xx",2,2,"duo",7.775,7.75,"[ 7.28,  7.92)",30.1712880386875,"No",1,0,"other","No"
1252,NA,"3","male",14.5,8,2,"CA. 2343",69.55,"U","S","P3Male","Sage","Master",11,"11Sage",NA,"CA. 23xx",11,11,"large group",6.32272727272727,7.75,"[ 3.17,  7.28)",-2.29103303273722,"No",4,0,"other","No"
1253,NA,"2","female",24,1,1,"S.C./PARIS 2079",37.0042,"U","C","P2Female","Mallet","Mrs",3,"3Mallet",NA,"S.C./PARIS 20xx",3,3,"group",12.3347333333333,12.35,"[10.52, 26.39)",31.0529314360682,"No",1,1,"survivors in group","No"
1254,NA,"2","female",31,0,0,"CA 31352",21,"U","S","P2Female","Ware","Mrs",1,"1Ware",NA,"CA 313xx",2,2,"duo",10.5,12.35,"[ 7.92, 10.52)",34.9625825755171,"No",2,0,"other","Yes"
1255,NA,"3","male",27,0,0,"315083",8.6625,"U","S","P3Male","Strilic","Mr",1,"1Strilic",NA,"3150xx",1,1,"solo",8.6625,7.75,"[ 7.92, 10.52)",29.8474778255194,"No",1,0,"other","Yes"
1256,NA,"1","female",25,1,0,"11765",55.4417,"E","C","P1Female","Harder","Mrs",2,"2Harder",NA,"117xx",2,2,"duo",27.72085,30,"[26.39,128.08]",41.9709595319465,"No",1,1,"survivors in group","No"
1257,NA,"3","female",32.0165406991726,1,9,"CA. 2343",69.55,"U","S","P3Female","Sage","Mrs",11,"11Sage",NA,"CA. 23xx",11,11,"large group",6.32272727272727,7.75,"[ 3.17,  7.28)",32.0165406991726,"No",4,0,"other","No"
1258,NA,"3","male",23.7943221327528,1,0,"2689",14.4583,"U","C","P3Male","Caram","Mr",2,"2Caram",NA,"26xx",2,2,"duo",7.22915,7.75,"[ 3.17,  7.28)",23.7943221327528,"No",1,0,"other","No"
1259,NA,"3","female",22,0,0,"3101295",39.6875,"U","S","P3Female","Riihivouri","Miss",1,"1Riihivouri",NA,"31012xx",7,7,"large group",5.66964285714286,7.75,"[ 3.17,  7.28)",18.3940312346857,"No",1,0,"other","Yes"
1260,NA,"1","female",45,0,1,"112378",59.4,"U","C","P1Female","Gibson","Mrs",2,"2Gibson",NA,"1123xx",2,2,"duo",29.7,30,"[26.39,128.08]",43.3224907242875,"No",2,0,"other","Yes"
1261,NA,"2","male",29,0,0,"SC/PARIS 2147",13.8583,"U","C","P2Male","Pallas y Castello","Mr",1,"1Pallas y Castello",NA,"SC/PARIS 21xx",1,1,"solo",13.8583,12.35,"[10.52, 26.39)",31.3376811073898,"No",1,0,"other","Yes"
1262,NA,"2","male",21,1,0,"28133",11.5,"U","S","P2Male","Giles","Mr",2,"2Giles",NA,"281xx",1,2,"duo",11.5,12.35,"[10.52, 26.39)",29.2362966214676,"No",1,0,"other","No"
1263,NA,"1","female",31,0,0,"16966",134.5,"E","C","P1Female","Wilson","Miss",1,"1Wilson",NA,"169xx",5,5,"large group",26.9,30,"[26.39,128.08]",30.1937027279447,"No",3,2,"survivors in group","Yes"
1264,NA,NA,"male",49,0,0,"112058",0,"B","S",NA,"Ismay","Mr",1,"1Ismay",NA,"1120xx",2,2,"duo",28.875,28.875,"[26.39,128.08]",NA,"No",1,0,"other","Yes"
1265,NA,"2","male",44,0,0,"248746",13,"U","S","P2Male","Harbeck","Mr",1,"1Harbeck",NA,"2487xx",1,1,"solo",13,12.35,"[10.52, 26.39)",33.313566710812,"No",1,0,"other","Yes"
1266,NA,"1","female",54,1,1,"33638",81.8583,"A","S","P1Female","Dodge","Mrs",3,"3Dodge",NA,"336xx",3,3,"group",27.2861,30,"[26.39,128.08]",43.3382852508789,"No",2,1,"survivors in group","No"
1267,NA,"1","female",45,0,0,"PC 17608",262.375,"U","C","P1Female","Bowen","Miss",1,"1Bowen",NA,"PC 176xx",7,7,"large group",37.4821428571429,30,"[26.39,128.08]",30.1937027279447,"No",5,2,"survivors in group","Yes"
1268,NA,"3","female",22,2,0,"315152",8.6625,"U","S","P3Female","Kink","Miss",3,"3Kink",3,"3151xx",1,3,"group",8.6625,7.75,"[ 7.92, 10.52)",13.500411713069,"No",1,0,"other","No"
1269,NA,"2","male",21,0,0,"29107",11.5,"U","S","P2Male","Cotterill","Mr",1,"1Cotterill",NA,"291xx",1,1,"solo",11.5,12.35,"[10.52, 26.39)",33.313566710812,"No",1,0,"other","Yes"
1270,NA,NA,"male",55,0,0,"680",50,"C","S",NA,"Hipkins","Mr",1,"1Hipkins",NA,"6xx",1,1,"solo",50,28.875,"[26.39,128.08]",NA,"No",1,0,"other","Yes"
1271,NA,"3","male",5,4,2,"347077",31.3875,"U","S","P3Male","Asplund","Master",7,"7Asplund",NA,"3470xx",7,7,"large group",4.48392857142857,7.75,"[ 3.17,  7.28)",3.00978957341055,"No",3,3,"survivors in group","No"
1272,NA,"3","male",34.7540258173294,0,0,"366713",7.75,"U","Q","P3Male","O'Connor","Mr",1,"1O'Connor",NA,"3667xx",1,1,"solo",7.75,7.75,"[ 7.28,  7.92)",34.7540258173294,"No",1,0,"other","Yes"
1273,NA,"3","male",26,0,0,"330910",7.8792,"U","Q","P3Male","Foley","Mr",1,"1Foley",NA,"3309xx",1,1,"solo",7.8792,7.75,"[ 7.28,  7.92)",34.7540258173294,"No",1,0,"other","Yes"
1274,NA,"3","female",31.4964936902245,0,0,"364498",14.5,"U","S","P3Female","Risien","Mrs",2,"1Risien",NA,"3644xx",2,2,"duo",7.25,7.75,"[ 3.17,  7.28)",31.4964936902245,"No",1,0,"other","Yes"
1275,NA,"3","female",19,1,0,"376566",16.1,"U","S","P3Female","McNamee","Mrs",2,"2McNamee",NA,"3765xx",2,2,"duo",8.05,7.75,"[ 7.92, 10.52)",30.1712880386875,"No",1,0,"other","No"
1276,NA,"2","male",33.313566710812,0,0,"SC/PARIS 2159",12.875,"U","S","P2Male","Wheeler","Mr",1,"1Wheeler",NA,"SC/PARIS 21xx",1,1,"solo",12.875,12.35,"[10.52, 26.39)",33.313566710812,"No",1,0,"other","Yes"
1277,NA,"2","female",24,1,2,"220845",65,"U","S","P2Female","Herman","Miss",4,"4Herman",NA,"2208xx",5,5,"large group",13,12.35,"[10.52, 26.39)",20.5875655500494,"No",3,2,"survivors in group","No"
1278,NA,"3","male",24,0,0,"349911",7.775,"U","S","P3Male","Aronsson","Mr",1,"1Aronsson",NA,"3499xx",1,1,"solo",7.775,7.75,"[ 7.28,  7.92)",29.8474778255194,"No",1,0,"other","Yes"
1279,NA,"2","male",57,0,0,"244346",13,"U","S","P2Male","Ashby","Mr",1,"1Ashby",NA,"2443xx",1,1,"solo",13,12.35,"[10.52, 26.39)",33.313566710812,"No",1,0,"other","Yes"
1280,NA,"3","male",21,0,0,"364858",7.75,"U","Q","P3Male","Canavan","Mr",2,"1Canavan",NA,"3648xx",1,2,"duo",7.75,7.75,"[ 7.28,  7.92)",32.0019613795219,"No",1,0,"other","Yes"
1281,NA,"3","male",6,3,1,"349909",21.075,"U","S","P3Male","Palsson","Master",5,"5Palsson",NA,"3499xx",5,5,"large group",4.215,7.75,"[ 3.17,  7.28)",4.30866968414349,"No",1,0,"other","No"
1282,NA,NA,"male",23,0,0,"12749",93.5,"B","S",NA,"Payne","Mr",1,"1Payne",NA,"127xx",4,4,"group",23.375,28.875,"[10.52, 26.39)",NA,"No",2,2,"survivors in group","Yes"
1283,NA,"1","female",51,0,1,"PC 17592",39.4,"D","S","P1Female","Lines","Mrs",2,"2Lines",NA,"PC 175xx",2,2,"duo",19.7,30,"[10.52, 26.39)",45.2983763277096,"No",1,1,"survivors in group","Yes"
1284,NA,"3","male",13,0,2,"C.A. 2673",20.25,"U","S","P3Male","Abbott","Master",3,"3Abbott",NA,"C.A. 26xx",3,3,"group",6.75,7.75,"[ 3.17,  7.28)",6.06740396101552,"No",1,1,"survivors in group","Yes"
1285,NA,"2","male",47,0,0,"C.A. 30769",10.5,"U","S","P2Male","Gilbert","Mr",1,"1Gilbert",NA,"C.A. 307xx",1,1,"solo",10.5,12.35,"[ 7.92, 10.52)",33.313566710812,"No",1,0,"other","Yes"
1286,NA,"3","male",29,3,1,"315153",22.025,"U","S","P3Male","Kink","Mr",3,"5Kink",3,"3151xx",3,3,"group",7.34166666666667,7.75,"[ 7.28,  7.92)",22.5112365486113,"No",2,1,"survivors in group","No"
1287,NA,"1","female",18,1,0,"13695",60,"C","S","P1Female","Smith","Mrs",2,"2Smith",NA,"136xx",2,2,"duo",30,30,"[26.39,128.08]",43.9468451353687,"No",2,0,"other","No"
1288,NA,"3","male",24,0,0,"371109",7.25,"U","Q","P3Male","Colbert","Mr",1,"1Colbert",NA,"3711xx",1,1,"solo",7.25,7.75,"[ 3.17,  7.28)",34.7540258173294,"No",1,0,"other","Yes"
1289,NA,"1","female",48,1,1,"13567",79.2,"B","C","P1Female","Frolicher","Mrs",3,"3Frolicher",NA,"135xx",2,3,"group",39.6,30,"[26.39,128.08]",41.3623996474567,"No",1,1,"survivors in group","No"
1290,NA,"3","male",22,0,0,"347065",7.775,"U","S","P3Male","Larsson","Mr",2,"1Larsson",NA,"3470xx",1,2,"duo",7.775,7.75,"[ 7.28,  7.92)",27.0954133877119,"No",1,0,"other","Yes"
1291,NA,"3","male",31,0,0,"21332",7.7333,"U","Q","P3Male","Conlon","Mr",1,"1Conlon",NA,"213xx",1,1,"solo",7.7333,7.75,"[ 7.28,  7.92)",34.7540258173294,"No",1,0,"other","Yes"
1292,NA,"1","female",30,0,0,"36928",164.8667,"C","S","P1Female","Bonnell","Miss",1,"1Bonnell",NA,"369xx",4,4,"group",41.216675,30,"[26.39,128.08]",29.926380112824,"No",2,2,"survivors in group","Yes"
1293,NA,"2","male",38,1,0,"28664",21,"U","S","P2Male","Gale","Mr",2,"2Gale",NA,"286xx",2,2,"duo",10.5,12.35,"[ 7.92, 10.52)",29.2362966214676,"No",1,0,"other","No"
1294,NA,"1","female",22,0,1,"112378",59.4,"U","C","P1Female","Gibson","Miss",2,"2Gibson",NA,"1123xx",2,2,"duo",29.7,30,"[26.39,128.08]",28.6117054754997,"No",2,0,"other","Yes"
1295,NA,NA,"male",17,0,0,"113059",47.1,"U","S",NA,"Carrau","Mr",2,"1Carrau",NA,"1130xx",2,2,"duo",23.55,28.875,"[10.52, 26.39)",NA,"No",1,0,"other","Yes"
1296,NA,NA,"male",43,1,0,"17765",27.7208,"D","C",NA,"Frauenthal","Mr",2,"2Frauenthal",NA,"177xx",1,2,"duo",27.7208,28.875,"[26.39,128.08]",NA,"No",1,0,"other","No"
1297,NA,"2","male",20,0,0,"SC/PARIS 2166",13.8625,"D","C","P2Male","Nourney","Mr",1,"1Nourney",NA,"SC/PARIS 21xx",1,1,"solo",13.8625,12.35,"[10.52, 26.39)",31.3376811073898,"No",1,0,"other","Yes"
1298,NA,"2","male",23,1,0,"28666",10.5,"U","S","P2Male","Ware","Mr",2,"2Ware",NA,"286xx",1,2,"duo",10.5,12.35,"[ 7.92, 10.52)",29.2362966214676,"No",1,0,"other","No"
1299,NA,NA,"male",50,1,1,"113503",211.5,"C","C",NA,"Widener","Mr",3,"3Widener",NA,"1135xx",5,5,"large group",42.3,28.875,"[26.39,128.08]",NA,"No",4,0,"other","No"
1300,NA,"3","female",24.4443208710542,0,0,"334915",7.7208,"U","Q","P3Female","Riordan","Miss",1,"1Riordan",NA,"3349xx",1,1,"solo",7.7208,7.75,"[ 7.28,  7.92)",24.4443208710542,"No",1,0,"other","Yes"
1301,NA,"3","female",3,1,1,"SOTON/O.Q. 3101315",13.775,"U","S","P3Female","Peacock","Miss",3,"3Peacock",NA,"SOTON/O.Q. 31013xx",3,3,"group",4.59166666666667,7.75,"[ 3.17,  7.28)",14.85194290541,"No",3,0,"other","No"
1302,NA,"3","female",24.4443208710542,0,0,"365237",7.75,"U","Q","P3Female","Naughton","Miss",1,"1Naughton",NA,"3652xx",1,1,"solo",7.75,7.75,"[ 7.28,  7.92)",24.4443208710542,"No",1,0,"other","Yes"
1303,NA,"1","female",37,1,0,"19928",90,"C","Q","P1Female","Minahan","Mrs",2,"2Minahan",NA,"199xx",3,3,"group",30,30,"[26.39,128.08]",48.2185077018849,"No",1,1,"survivors in group","No"
1304,NA,"3","female",28,0,0,"347086",7.775,"U","S","P3Female","Henriksson","Miss",1,"1Henriksson",NA,"3470xx",1,1,"solo",7.775,7.75,"[ 7.28,  7.92)",19.5377728792442,"No",1,0,"other","Yes"
1305,NA,"3","male",29.8474778255194,0,0,"A.5. 3236",8.05,"U","S","P3Male","Spector","Mr",1,"1Spector",NA,"A.5. 32xx",1,1,"solo",8.05,7.75,"[ 7.92, 10.52)",29.8474778255194,"No",1,0,"other","Yes"
1306,NA,"1","female",39,0,0,"PC 17758",108.9,"C","C","P1Female","Oliva y Ocana","Rare Title",1,"1Oliva y Ocana",NA,"PC 177xx",3,3,"group",36.3,30,"[26.39,128.08]",40.5878997890739,"No",1,1,"survivors in group","Yes"
1307,NA,"3","male",38.5,0,0,"SOTON/O.Q. 3101262",7.25,"U","S","P3Male","Saether","Mr",1,"1Saether",NA,"SOTON/O.Q. 31012xx",1,1,"solo",7.25,7.75,"[ 3.17,  7.28)",29.8474778255194,"No",1,0,"other","Yes"
1308,NA,"3","male",29.8474778255194,0,0,"359309",8.05,"U","S","P3Male","Ware","Mr",1,"1Ware",NA,"3593xx",1,1,"solo",8.05,7.75,"[ 7.92, 10.52)",29.8474778255194,"No",1,0,"other","Yes"
1309,NA,"3","male",2.73998716525239,1,1,"2668",22.3583,"U","C","P3Male","Peter","Master",3,"3Peter",NA,"26xx",3,3,"group",7.45276666666667,7.75,"[ 7.28,  7.92)",2.73998716525239,"No",1,2,"survivors in group","No"
